PLAYER,TEAM,TEAM_FULL,TEAM_SIDE,PTS,FG3M,REB,AST,MIN,USAGE_LITE,THREES_RATE,IS_HOME,DEF_RATING_Z,OPP_DEF_RATING_Z,OPP_OPP_PTS_Z,OPP_PTS_Z,DAYS_REST,IS_B2B_NUM,TRAVEL_MILES,TRAVEL_FATIGUE,INJ_Status,INJ_Injury,INJURY_CATEGORY,INJURY_FLAG,IS_OUT,IS_LIMITED,prob_hit30,prob_hit30_pct,prob_hit4threes,prob_hit4threes_pct,PREDICTION_MODE
Craig Porter Jr.,CLE,Cleveland Cavaliers,Home,5.9,0.9,3.6,2.1,17.9,64.80446927374301,0.15254237288135591,1,0.526027692125627,-0.227190074247501,0.1516526445717729,-0.5465736924869714,3,0,0.0,0.0,Active,,Active,0.0,0,0,0.12522405682312346,12.5%,0.1183068705002553,11.8%,Heuristic
De'Andre Hunter,CLE,Cleveland Cavaliers,Home,18.4,2.4,5.6,3.0,29.2,92.46575342465754,0.13043478260869565,1,0.526027692125627,-0.227190074247501,0.1516526445717729,-0.5465736924869714,3,0,0.0,0.0,Questionable,Illness,Limited,0.5,0,1,0.16297205199098364,16.3%,0.1387957082186456,13.9%,Heuristic
Dean Wade,CLE,Cleveland Cavaliers,Home,6.7,1.4,4.0,1.6,24.4,50.409836065573764,0.208955223880597,1,0.526027692125627,-0.227190074247501,0.1516526445717729,-0.5465736924869714,3,0,0.0,0.0,Active,,Active,0.0,0,0,0.13947405682312347,13.9%,0.17946084638355067,17.9%,Heuristic
Donovan Mitchell,CLE,Cleveland Cavaliers,Home,29.5,4.0,2.3,4.5,33.6,108.03571428571428,0.13559322033898305,1,0.526027692125627,-0.227190074247501,0.1516526445717729,-0.5465736924869714,3,0,0.0,0.0,Active,,Active,0.0,0,0,0.5065990568231233,50.7%,0.4791260795398033,47.9%,Heuristic
Evan Mobley,CLE,Cleveland Cavaliers,Home,19.3,1.7,8.9,4.4,34.1,95.60117302052787,0.08808290155440414,1,0.526027692125627,-0.227190074247501,0.1516526445717729,-0.5465736924869714,3,0,0.0,0.0,Active,,Active,0.0,0,0,0.3818490568231235,38.2%,0.20841723026724104,20.8%,Heuristic
Jarrett Allen,CLE,Cleveland Cavaliers,Home,14.0,0.0,7.0,1.8,27.0,84.44444444444444,0.0,1,0.526027692125627,-0.227190074247501,0.1516526445717729,-0.5465736924869714,3,0,0.0,0.0,Questionable,Finger,Limited,0.5,0,1,0.13174080199098362,13.2%,0.002697882131689074,0.3%,Heuristic
Jaylon Tyson,CLE,Cleveland Cavaliers,Home,10.9,2.1,2.7,1.6,24.3,62.55144032921811,0.1926605504587156,1,0.526027692125627,-0.227190074247501,0.1516526445717729,-0.5465736924869714,3,0,0.0,0.0,Active,,Active,0.0,0,0,0.19959905682312346,20.0%,0.2603127793791233,26.0%,Heuristic
Larry Nance Jr.,CLE,Cleveland Cavaliers,Home,4.1,0.6,3.7,1.6,17.2,54.65116279069768,0.14634146341463417,1,0.526027692125627,-0.227190074247501,0.1516526445717729,-0.5465736924869714,3,0,0.0,0.0,Active,,Active,0.0,0,0,0.09534905682312345,9.5%,0.08299682502691923,8.3%,Heuristic
Lonzo Ball,CLE,Cleveland Cavaliers,Home,5.8,1.3,4.3,5.3,24.3,63.37448559670781,0.22413793103448276,1,0.526027692125627,-0.227190074247501,0.1516526445717729,-0.5465736924869714,3,0,0.0,0.0,Active,,Active,0.0,0,0,0.13597405682312344,13.6%,0.1685533150745783,16.9%,Heuristic
Luke Travers,CLE,Cleveland Cavaliers,Home,0.7,0.0,1.7,0.7,8.0,38.74999999999999,0.0,1,0.526027692125627,-0.227190074247501,0.1516526445717729,-0.5465736924869714,3,0,0.0,0.0,Active,,Active,0.0,0,0,0.02534905682312344,2.5%,0.005679751856187525,0.6%,Heuristic
Sam Merrill,CLE,Cleveland Cavaliers,Home,17.3,4.5,2.0,2.0,25.8,82.55813953488372,0.26011560693641617,1,0.526027692125627,-0.227190074247501,0.1516526445717729,-0.5465736924869714,3,0,0.0,0.0,Questionable,Hip,Limited,0.5,0,1,0.14260642699098364,14.3%,0.25825062779642893,25.8%,Heuristic
Thomas Bryant,CLE,Cleveland Cavaliers,Home,2.0,0.0,1.5,0.3,6.8,55.88235294117647,0.0,1,0.526027692125627,-0.227190074247501,0.1516526445717729,-0.5465736924869714,3,0,0.0,0.0,Active,,Active,0.0,0,0,0.04422405682312345,4.4%,0.005679751856187525,0.6%,Heuristic
Tyrese Proctor,CLE,Cleveland Cavaliers,Home,3.0,0.3,1.0,1.2,12.0,43.333333333333336,0.09999999999999999,1,0.526027692125627,-0.227190074247501,0.1516526445717729,-0.5465736924869714,3,0,0.0,0.0,Active,,Active,0.0,0,0,0.059599056823123456,6.0%,0.04567975185618752,4.6%,Heuristic
Adem Bona,PHI,Philadelphia 76ers,Away,2.3,0.0,3.1,0.4,16.7,34.730538922155695,0.0,0,-0.227190074247501,0.526027692125627,-0.5465736924869714,0.1516526445717729,1,1,358.6,0.859,Active,,Active,0.0,0,0,0.052344990199224214,5.2%,0.0,~0%,Heuristic
Andre Drummond,PHI,Philadelphia 76ers,Away,4.7,0.2,6.7,0.5,14.7,80.95238095238095,0.0425531914893617,0,-0.227190074247501,0.526027692125627,-0.5465736924869714,0.1516526445717729,1,1,358.6,0.859,Active,,Active,0.0,0,0,0.11409499019922423,11.4%,0.0,~0%,Heuristic
Dominick Barlow,PHI,Philadelphia 76ers,Away,7.5,0.0,6.0,2.5,25.1,63.745019920318725,0.0,0,-0.227190074247501,0.526027692125627,-0.5465736924869714,0.1516526445717729,1,1,358.6,0.859,Out,Elbow,Out,1.0,1,0,0.0,~0%,0.0,~0%,Heuristic
Eric Gordon,PHI,Philadelphia 76ers,Away,4.0,1.0,0.0,0.0,7.8,51.28205128205129,0.25,0,-0.227190074247501,0.526027692125627,-0.5465736924869714,0.1516526445717729,1,1,358.6,0.859,Active,,Active,0.0,0,0,0.05959499019922422,6.0%,0.09505430769685931,9.5%,Heuristic
Hunter Sallis,PHI,Philadelphia 76ers,Away,1.0,0.0,0.5,0.5,2.8,71.42857142857143,0.0,0,-0.227190074247501,0.526027692125627,-0.5465736924869714,0.1516526445717729,1,1,358.6,0.859,Active,,Active,0.0,0,0,0.015219990199224214,1.5%,0.0,~0%,Heuristic
Jabari Walker,PHI,Philadelphia 76ers,Away,3.4,0.0,3.3,0.1,14.6,46.575342465753415,0.0,0,-0.227190074247501,0.526027692125627,-0.5465736924869714,0.1516526445717729,1,1,358.6,0.859,Active,,Active,0.0,0,0,0.07071999019922422,7.1%,0.0,~0%,Heuristic
Jared McCain,PHI,Philadelphia 76ers,Away,0.0,0.0,1.0,2.0,15.2,19.736842105263158,0.0,0,-0.227190074247501,0.526027692125627,-0.5465736924869714,0.1516526445717729,1,1,358.6,0.859,Out,Knee,Out,1.0,1,0,0.0,~0%,0.0,~0%,Heuristic
Joel Embiid,PHI,Philadelphia 76ers,Away,17.8,1.6,5.4,3.2,22.8,115.78947368421053,0.0898876404494382,0,-0.227190074247501,0.526027692125627,-0.5465736924869714,0.1516526445717729,1,1,358.6,0.859,Out,Knee,Out,1.0,1,0,0.0,~0%,0.0,~0%,Heuristic
Johni Broome,PHI,Philadelphia 76ers,Away,4.0,0.0,2.0,1.0,4.7,148.93617021276594,0.0,0,-0.227190074247501,0.526027692125627,-0.5465736924869714,0.1516526445717729,1,1,358.6,0.859,Active,,Active,0.0,0,0,0.07459499019922422,7.5%,0.0,~0%,Heuristic
Justin Edwards,PHI,Philadelphia 76ers,Away,3.5,0.8,1.0,0.5,11.4,43.859649122807014,0.2285714285714286,0,-0.227190074247501,0.526027692125627,-0.5465736924869714,0.1516526445717729,1,1,358.6,0.859,Active,,Active,0.0,0,0,0.058969990199224206,5.9%,0.07064954579209741,7.1%,Heuristic
Kelly Oubre Jr.,PHI,Philadelphia 76ers,Away,19.3,2.4,5.9,1.3,37.3,71.04557640750672,0.12435233160621761,0,-0.227190074247501,0.526027692125627,-0.5465736924869714,0.1516526445717729,1,1,358.6,0.859,Active,,Active,0.0,0,0,0.34834499019922427,34.8%,0.2521052576105035,25.2%,Heuristic
Kyle Lowry,PHI,Philadelphia 76ers,Away,3.0,1.0,0.0,1.0,3.2,125.0,0.3333333333333333,0,-0.227190074247501,0.526027692125627,-0.5465736924869714,0.1516526445717729,1,1,358.6,0.859,Active,,Active,0.0,0,0,0.04584499019922423,4.6%,0.09922097436352599,9.9%,Heuristic
Quentin Grimes,PHI,Philadelphia 76ers,Away,17.0,2.7,4.4,5.0,31.6,83.54430379746834,0.15882352941176472,0,-0.227190074247501,0.526027692125627,-0.5465736924869714,0.1516526445717729,1,1,358.6,0.859,Active,,Active,0.0,0,0,0.3108449901992242,31.1%,0.2888288175007809,28.9%,Heuristic
Trendon Watford,PHI,Philadelphia 76ers,Away,6.5,0.3,4.3,3.3,18.5,76.21621621621622,0.04615384615384615,0,-0.227190074247501,0.526027692125627,-0.5465736924869714,0.1516526445717729,1,1,358.6,0.859,Active,,Active,0.0,0,0,0.13534499019922425,13.5%,0.003195333337884963,0.3%,Heuristic
Tyrese Maxey,PHI,Philadelphia 76ers,Away,34.4,4.6,4.9,8.4,42.0,113.57142857142857,0.13372093023255813,0,-0.227190074247501,0.526027692125627,-0.5465736924869714,0.1516526445717729,1,1,358.6,0.859,Active,,Active,0.0,0,0,0.6052199901992242,60.5%,0.5092403542084872,50.9%,Heuristic
VJ Edgecombe,PHI,Philadelphia 76ers,Away,19.1,2.6,5.9,4.9,38.8,77.0618556701031,0.13612565445026178,0,-0.227190074247501,0.526027692125627,-0.5465736924869714,0.1516526445717729,1,1,358.6,0.859,Active,,Active,0.0,0,0,0.3540949901992242,35.4%,0.27602725708603904,27.6%,Heuristic
Ausar Thompson,DET,Detroit Pistons,Home,13.3,0.4,6.9,3.1,27.5,84.72727272727273,0.03007518796992481,1,-0.7599538602187352,0.526027692125627,0.3750850724305705,-0.8258642273104697,2,0,0.0,0.0,Active,,Active,0.0,0,0,0.26444258073429616,26.4%,0.03501973376202223,3.5%,Heuristic
Bobi Klintman,DET,Detroit Pistons,Home,2.0,0.0,3.0,0.0,6.8,73.52941176470588,0.0,1,-0.7599538602187352,0.526027692125627,0.3750850724305705,-0.8258642273104697,2,0,0.0,0.0,Active,,Active,0.0,0,0,0.04869258073429612,4.9%,0.0,~0%,Heuristic
Cade Cunningham,DET,Detroit Pistons,Home,23.6,1.9,5.6,9.6,36.0,107.7777777777778,0.08050847457627118,1,-0.7599538602187352,0.526027692125627,0.3750850724305705,-0.8258642273104697,2,0,0.0,0.0,Active,,Active,0.0,0,0,0.4399425807342962,44.0%,0.21254139809233955,21.3%,Heuristic
Caris LeVert,DET,Detroit Pistons,Home,5.3,0.5,1.0,2.0,18.9,43.915343915343925,0.09433962264150944,1,-0.7599538602187352,0.526027692125627,0.3750850724305705,-0.8258642273104697,2,0,0.0,0.0,Active,,Active,0.0,0,0,0.09481758073429614,9.5%,0.04989962216226812,5.0%,Heuristic
Chaz Lanier,DET,Detroit Pistons,Home,2.2,0.6,0.2,0.4,6.4,43.75,0.2727272727272727,1,-0.7599538602187352,0.526027692125627,0.3750850724305705,-0.8258642273104697,2,0,0.0,0.0,Active,,Active,0.0,0,0,0.03544258073429613,3.5%,0.07048567133322296,7.0%,Heuristic
Colby Jones,DET,Detroit Pistons,Home,2.0,0.0,4.0,2.0,6.8,117.64705882352942,0.0,1,-0.7599538602187352,0.526027692125627,0.3750850724305705,-0.8258642273104697,2,0,0.0,0.0,Active,,Active,0.0,0,0,0.05994258073429613,6.0%,0.0,~0%,Heuristic
Daniss Jenkins,DET,Detroit Pistons,Home,3.5,0.5,0.0,1.5,10.3,48.543689320388346,0.14285714285714285,1,-0.7599538602187352,0.526027692125627,0.3750850724305705,-0.8258642273104697,2,0,0.0,0.0,Active,,Active,0.0,0,0,0.05806758073429613,5.8%,0.0523254981730498,5.2%,Heuristic
Duncan Robinson,DET,Detroit Pistons,Home,11.3,2.6,3.1,1.1,32.9,47.11246200607903,0.23008849557522124,1,-0.7599538602187352,0.526027692125627,0.3750850724305705,-0.8258642273104697,2,0,0.0,0.0,Active,,Active,0.0,0,0,0.20319258073429616,20.3%,0.3016870658089537,30.2%,Heuristic
Isaiah Stewart,DET,Detroit Pistons,Home,11.7,1.3,7.3,1.7,23.8,86.97478991596638,0.11111111111111112,1,-0.7599538602187352,0.526027692125627,0.3750850724305705,-0.8258642273104697,2,0,0.0,0.0,Active,,Active,0.0,0,0,0.23744258073429614,23.7%,0.14407152991908154,14.4%,Heuristic
Jalen Duren,DET,Detroit Pistons,Home,17.3,0.0,9.9,1.6,25.2,114.2857142857143,0.0,1,-0.7599538602187352,0.526027692125627,0.3750850724305705,-0.8258642273104697,2,0,0.0,0.0,Active,,Active,0.0,0,0,0.3444425807342962,34.4%,0.0,~0%,Heuristic
Javonte Green,DET,Detroit Pistons,Home,5.0,1.0,2.4,1.0,16.6,50.602409638554214,0.2,1,-0.7599538602187352,0.526027692125627,0.3750850724305705,-0.8258642273104697,2,0,0.0,0.0,Active,,Active,0.0,0,0,0.09619258073429614,9.6%,0.11351597436352599,11.4%,Heuristic
Paul Reed,DET,Detroit Pistons,Home,4.0,0.4,2.4,0.4,7.8,87.1794871794872,0.1,1,-0.7599538602187352,0.526027692125627,0.3750850724305705,-0.8258642273104697,2,0,0.0,0.0,Active,,Active,0.0,0,0,0.07844258073429614,7.8%,0.03851597436352598,3.9%,Heuristic
Ronald Holland II,DET,Detroit Pistons,Home,10.6,1.1,3.3,2.0,20.9,76.07655502392345,0.1037735849056604,1,-0.7599538602187352,0.526027692125627,0.3750850724305705,-0.8258642273104697,2,0,0.0,0.0,Active,,Active,0.0,0,0,0.19531758073429611,19.5%,0.12037132027547569,12.0%,Heuristic
Tobias Harris,DET,Detroit Pistons,Home,13.5,1.3,6.0,2.8,32.2,69.25465838509317,0.0962962962962963,1,-0.7599538602187352,0.526027692125627,0.3750850724305705,-0.8258642273104697,2,0,0.0,0.0,Out,Ankle,Out,1.0,1,0,0.0,~0%,0.0,~0%,Heuristic
Tolu Smith,DET,Detroit Pistons,Home,11.0,0.0,4.0,0.0,6.1,245.9016393442623,0.0,1,-0.7599538602187352,0.526027692125627,0.3750850724305705,-0.8258642273104697,2,0,0.0,0.0,Active,,Active,0.0,0,0,0.20119258073429616,20.1%,0.0,~0%,Heuristic
Ace Bailey,UTA,Utah Jazz,Away,4.6,0.3,2.9,1.4,17.5,50.857142857142854,0.06521739130434782,0,0.526027692125627,-0.7599538602187352,-0.8258642273104697,0.3750850724305705,2,0,1488.3,1.488,Active,,Active,0.0,0,0,0.0978960115555875,9.8%,0.04981971607068577,5.0%,Heuristic
Brice Sensabaugh,UTA,Utah Jazz,Away,8.8,1.3,2.7,0.8,14.0,87.85714285714286,0.1477272727272727,0,0.526027692125627,-0.7599538602187352,-0.8258642273104697,0.3750850724305705,2,0,1488.3,1.488,Active,,Active,0.0,0,0,0.1633960115555875,16.3%,0.17061187680849865,17.1%,Heuristic
Cody Williams,UTA,Utah Jazz,Away,3.0,0.5,1.0,0.5,9.6,46.875,0.16666666666666666,0,0.526027692125627,-0.7599538602187352,-0.8258642273104697,0.3750850724305705,2,0,1488.3,1.488,Active,,Active,0.0,0,0,0.05777101155558749,5.8%,0.07822551317213504,7.8%,Heuristic
Elijah Harkless,UTA,Utah Jazz,Away,3.0,0.3,1.3,1.3,15.0,37.33333333333333,0.09999999999999999,0,0.526027692125627,-0.7599538602187352,-0.8258642273104697,0.3750850724305705,2,0,1488.3,1.488,Active,,Active,0.0,0,0,0.0616460115555875,6.2%,0.05155884650546838,5.2%,Heuristic
Jusuf Nurkić,UTA,Utah Jazz,Away,7.6,0.3,8.3,2.7,19.9,93.4673366834171,0.039473684210526314,0,0.526027692125627,-0.7599538602187352,-0.8258642273104697,0.3750850724305705,2,0,1488.3,1.488,Active,,Active,0.0,0,0,0.1836460115555875,18.4%,0.04853253071599469,4.9%,Heuristic
Kevin Love,UTA,Utah Jazz,Away,4.0,0.5,6.0,4.0,15.5,90.32258064516128,0.125,0,0.526027692125627,-0.7599538602187352,-0.8258642273104697,0.3750850724305705,2,0,1488.3,1.488,Active,,Active,0.0,0,0,0.11402101155558748,11.4%,0.07614217983880171,7.6%,Heuristic
Keyonte George,UTA,Utah Jazz,Away,23.1,1.6,3.7,8.1,34.6,100.86705202312139,0.06926406926406926,0,0.526027692125627,-0.7599538602187352,-0.8258642273104697,0.3750850724305705,2,0,1488.3,1.488,Active,,Active,0.0,0,0,0.4202710115555875,42.0%,0.2016887166353385,20.2%,Heuristic
Kyle Anderson,UTA,Utah Jazz,Away,6.5,0.0,1.5,2.5,18.4,57.06521739130436,0.0,0,0.526027692125627,-0.7599538602187352,-0.8258642273104697,0.3750850724305705,2,0,1488.3,1.488,Active,,Active,0.0,0,0,0.12277101155558749,12.3%,0.01155884650546838,1.2%,Heuristic
Kyle Filipowski,UTA,Utah Jazz,Away,7.0,1.0,4.4,2.3,18.7,73.2620320855615,0.14285714285714285,0,0.526027692125627,-0.7599538602187352,-0.8258642273104697,0.3750850724305705,2,0,1488.3,1.488,Active,,Active,0.0,0,0,0.1485210115555875,14.9%,0.1353683703149922,13.5%,Heuristic
Lauri Markkanen,UTA,Utah Jazz,Away,31.1,3.6,7.0,2.3,36.7,110.08174386920979,0.1157556270096463,0,0.526027692125627,-0.7599538602187352,-0.8258642273104697,0.3750850724305705,2,0,1488.3,1.488,Active,,Active,0.0,0,0,0.5563960115555875,55.6%,0.43734662785595074,43.7%,Heuristic
Svi Mykhailiuk,UTA,Utah Jazz,Away,6.9,1.4,3.0,1.6,27.1,42.43542435424354,0.20289855072463767,0,0.526027692125627,-0.7599538602187352,-0.8258642273104697,0.3750850724305705,2,0,1488.3,1.488,Active,,Active,0.0,0,0,0.1363960115555875,13.6%,0.18503710737503357,18.5%,Heuristic
Taylor Hendricks,UTA,Utah Jazz,Away,5.1,0.6,4.1,0.4,16.1,59.627329192546576,0.11764705882352941,0,0.526027692125627,-0.7599538602187352,-0.8258642273104697,0.3750850724305705,2,0,1488.3,1.488,Active,,Active,0.0,0,0,0.11102101155558748,11.1%,0.08744119944664484,8.7%,Heuristic
Walker Kessler,UTA,Utah Jazz,Away,14.4,1.2,10.8,3.0,30.8,91.55844155844156,0.08333333333333333,0,0.526027692125627,-0.7599538602187352,-0.8258642273104697,0.3750850724305705,2,0,1488.3,1.488,Out For Season,Shoulder,Out,1.0,1,0,0.0,~0%,0.0,~0%,Heuristic
Walter Clayton Jr.,UTA,Utah Jazz,Away,6.3,0.9,2.9,3.1,17.3,71.09826589595374,0.14285714285714288,0,0.526027692125627,-0.7599538602187352,-0.8258642273104697,0.3750850724305705,2,0,1488.3,1.488,Active,,Active,0.0,0,0,0.12977101155558746,13.0%,0.12370170364832551,12.4%,Heuristic
Aaron Nesmith,IND,Indiana Pacers,Home,14.7,2.9,4.9,1.0,32.0,64.375,0.19727891156462585,1,2.271288370307261,0.3239448767572256,2.134615441818607,0.7660918211834675,2,0,0.0,0.0,Active,,Active,0.0,0,0,0.2772732898298216,27.7%,0.3400986569926339,34.0%,Heuristic
Andrew Nembhard,IND,Indiana Pacers,Home,4.0,0.0,1.0,4.0,16.9,53.25443786982249,0.0,1,2.271288370307261,0.3239448767572256,2.134615441818607,0.7660918211834675,2,0,0.0,0.0,Out,Shoulder,Out,1.0,1,0,0.0,~0%,0.0,~0%,Heuristic
Ben Sheppard,IND,Indiana Pacers,Home,6.6,0.7,5.4,2.3,26.0,55.00000000000001,0.10606060606060606,1,2.271288370307261,0.3239448767572256,2.134615441818607,0.7660918211834675,2,0,0.0,0.0,Active,,Active,0.0,0,0,0.15202328982982166,15.2%,0.0788710750507663,7.9%,Heuristic
Bennedict Mathurin,IND,Indiana Pacers,Home,31.0,2.5,7.0,2.5,36.4,111.26373626373626,0.08064516129032258,1,2.271288370307261,0.3239448767572256,2.134615441818607,0.7660918211834675,2,0,0.0,0.0,Out,Toe,Out,1.0,1,0,0.0,~0%,0.0,~0%,Heuristic
Isaiah Jackson,IND,Indiana Pacers,Home,7.9,0.0,5.7,0.9,17.7,81.92090395480227,0.0,1,2.271288370307261,0.3239448767572256,2.134615441818607,0.7660918211834675,2,0,0.0,0.0,Active,,Active,0.0,0,0,0.17152328982982162,17.2%,0.0,~0%,Heuristic
James Wiseman,IND,Indiana Pacers,Home,4.0,0.0,4.0,0.0,19.9,40.20100502512563,0.0,1,2.271288370307261,0.3239448767572256,2.134615441818607,0.7660918211834675,2,0,0.0,0.0,Active,,Active,0.0,0,0,0.09527328982982161,9.5%,0.0,~0%,Heuristic
Jarace Walker,IND,Indiana Pacers,Home,12.1,2.0,6.3,4.1,30.7,73.28990228013029,0.1652892561983471,1,2.271288370307261,0.3239448767572256,2.134615441818607,0.7660918211834675,2,0,0.0,0.0,Active,,Active,0.0,0,0,0.2515232898298216,25.2%,0.23349917422432007,23.3%,Heuristic
Jay Huff,IND,Indiana Pacers,Home,3.6,0.4,2.1,0.9,13.9,47.48201438848921,0.11111111111111112,1,2.271288370307261,0.3239448767572256,2.134615441818607,0.7660918211834675,2,0,0.0,0.0,Active,,Active,0.0,0,0,0.07914828982982161,7.9%,0.04412360030329158,4.4%,Heuristic
Jeremiah Robinson-Earl,IND,Indiana Pacers,Home,1.0,0.0,1.0,0.0,6.4,31.25,0.0,1,2.271288370307261,0.3239448767572256,2.134615441818607,0.7660918211834675,2,0,0.0,0.0,Active,,Active,0.0,0,0,0.027773289829821624,2.8%,0.0,~0%,Heuristic
Johnny Furphy,IND,Indiana Pacers,Home,2.7,0.7,2.0,0.0,12.2,38.52459016393443,0.25925925925925924,1,2.271288370307261,0.3239448767572256,2.134615441818607,0.7660918211834675,2,0,0.0,0.0,Out,Ankle,Out,1.0,1,0,0.0,~0%,0.0,~0%,Heuristic
Mac McClung,IND,Indiana Pacers,Home,6.3,0.7,1.3,0.3,11.3,69.91150442477874,0.1111111111111111,1,2.271288370307261,0.3239448767572256,2.134615441818607,0.7660918211834675,2,0,0.0,0.0,Active,,Active,0.0,0,0,0.11652328982982163,11.7%,0.07912360030329157,7.9%,Heuristic
Obi Toppin,IND,Indiana Pacers,Home,14.0,1.0,6.7,1.7,27.4,81.75182481751825,0.07142857142857142,1,2.271288370307261,0.3239448767572256,2.134615441818607,0.7660918211834675,2,0,0.0,0.0,Out,Foot,Out,1.0,1,0,0.0,~0%,0.0,~0%,Heuristic
Pascal Siakam,IND,Indiana Pacers,Home,26.0,2.0,8.4,5.3,35.6,111.51685393258425,0.07692307692307693,1,2.271288370307261,0.3239448767572256,2.134615441818607,0.7660918211834675,2,0,0.0,0.0,Active,,Active,0.0,0,0,0.49352328982982174,49.4%,0.22908086526055652,22.9%,Heuristic
Quenton Jackson,IND,Indiana Pacers,Home,11.8,1.2,3.4,3.6,20.1,93.53233830845771,0.10169491525423728,1,2.271288370307261,0.3239448767572256,2.134615441818607,0.7660918211834675,2,0,0.0,0.0,Out,Hamstring,Out,1.0,1,0,0.0,~0%,0.0,~0%,Heuristic
RayJ Dennis,IND,Indiana Pacers,Home,8.2,1.5,2.5,3.8,22.6,64.15929203539822,0.1829268292682927,1,2.271288370307261,0.3239448767572256,2.134615441818607,0.7660918211834675,2,0,0.0,0.0,Probable,Back,Limited,0.5,0,1,0.07773293766916527,7.8%,0.08362266678362988,8.4%,Heuristic
Taelon Peter,IND,Indiana Pacers,Home,1.8,0.4,0.6,0.4,8.4,33.33333333333333,0.22222222222222224,1,2.271288370307261,0.3239448767572256,2.134615441818607,0.7660918211834675,2,0,0.0,0.0,Active,,Active,0.0,0,0,0.039273289829821624,3.9%,0.049679155858847135,5.0%,Heuristic
Tony Bradley,IND,Indiana Pacers,Home,5.1,0.0,3.6,0.3,12.1,74.38016528925621,0.0,1,2.271288370307261,0.3239448767572256,2.134615441818607,0.7660918211834675,2,0,0.0,0.0,Active,,Active,0.0,0,0,0.11139828982982163,11.1%,0.0,~0%,Heuristic
Ben Saraf,BKN,Brooklyn Nets,Away,3.5,0.5,2.0,2.7,15.7,52.22929936305732,0.14285714285714285,0,0.3239448767572256,2.271288370307261,0.7660918211834675,2.134615441818607,2,0,645.1,0.645,Active,,Active,0.0,0,0,0.07377325172900898,7.4%,0.005468981218508951,0.5%,Heuristic
Cam Thomas,BKN,Brooklyn Nets,Away,24.4,2.3,1.6,2.9,31.5,91.74603174603175,0.0942622950819672,0,0.3239448767572256,2.271288370307261,0.7660918211834675,2.134615441818607,2,0,645.1,0.645,Active,,Active,0.0,0,0,0.411398251729009,41.1%,0.21303923882975018,21.3%,Heuristic
Danny Wolf,BKN,Brooklyn Nets,Away,0.0,0.0,1.0,2.0,3.6,83.33333333333333,0.0,0,0.3239448767572256,2.271288370307261,0.7660918211834675,2.134615441818607,2,0,645.1,0.645,Active,,Active,0.0,0,0,0.008898251729008988,0.9%,0.0,~0%,Heuristic
Day'Ron Sharpe,BKN,Brooklyn Nets,Away,6.4,0.3,5.1,1.4,16.4,78.65853658536587,0.04687499999999999,0,0.3239448767572256,2.271288370307261,0.7660918211834675,2.134615441818607,2,0,645.1,0.645,Active,,Active,0.0,0,0,0.137023251729009,13.7%,0.0,~0%,Heuristic
Drake Powell,BKN,Brooklyn Nets,Away,2.0,0.0,1.0,0.5,5.8,60.3448275862069,0.0,0,0.3239448767572256,2.271288370307261,0.7660918211834675,2.134615441818607,2,0,645.1,0.645,Out,Ankle,Out,1.0,1,0,0.0,~0%,0.0,~0%,Heuristic
E.J. Liddell,BKN,Brooklyn Nets,Away,3.0,0.5,2.5,0.0,4.5,122.22222222222223,0.16666666666666666,0,0.3239448767572256,2.271288370307261,0.7660918211834675,2.134615441818607,2,0,645.1,0.645,Active,,Active,0.0,0,0,0.06202325172900899,6.2%,0.006659457408985137,0.7%,Heuristic
Egor Dëmin,BKN,Brooklyn Nets,Away,6.2,1.7,3.0,2.7,19.8,60.10101010101009,0.27419354838709675,0,0.3239448767572256,2.271288370307261,0.7660918211834675,2.134615441818607,2,0,645.1,0.645,Active,,Active,0.0,0,0,0.123898251729009,12.4%,0.15203580149500664,15.2%,Heuristic
Jalen Wilson,BKN,Brooklyn Nets,Away,6.8,1.2,0.8,1.0,17.3,49.71098265895954,0.17647058823529413,0,0.3239448767572256,2.271288370307261,0.7660918211834675,2.134615441818607,2,0,645.1,0.645,Active,,Active,0.0,0,0,0.11564825172900899,11.6%,0.08881632015408318,8.9%,Heuristic
Michael Porter Jr.,BKN,Brooklyn Nets,Away,20.8,2.8,8.0,3.0,31.9,99.68652037617557,0.1346153846153846,0,0.3239448767572256,2.271288370307261,0.7660918211834675,2.134615441818607,2,0,645.1,0.645,Active,,Active,0.0,0,0,0.393148251729009,39.3%,0.2733902266397544,27.3%,Heuristic
Nic Claxton,BKN,Brooklyn Nets,Away,14.1,0.0,6.7,3.4,28.0,86.42857142857142,0.0,0,0.3239448767572256,2.271288370307261,0.7660918211834675,2.134615441818607,2,0,645.1,0.645,Active,,Active,0.0,0,0,0.27714825172900903,27.7%,0.0,~0%,Heuristic
Noah Clowney,BKN,Brooklyn Nets,Away,5.9,1.1,4.1,1.6,21.6,53.703703703703695,0.1864406779661017,0,0.3239448767572256,2.271288370307261,0.7660918211834675,2.134615441818607,2,0,645.1,0.645,Active,,Active,0.0,0,0,0.123148251729009,12.3%,0.0776481579739569,7.8%,Heuristic
Nolan Traore,BKN,Brooklyn Nets,Away,2.3,0.7,0.3,1.3,11.0,35.45454545454545,0.30434782608695654,0,0.3239448767572256,2.271288370307261,0.7660918211834675,2.134615441818607,2,0,645.1,0.645,Active,,Active,0.0,0,0,0.04014825172900898,4.0%,0.03687684871333295,3.7%,Heuristic
Terance Mann,BKN,Brooklyn Nets,Away,11.4,1.1,4.0,3.0,26.9,68.40148698884758,0.09649122807017545,0,0.3239448767572256,2.271288370307261,0.7660918211834675,2.134615441818607,2,0,645.1,0.645,Active,,Active,0.0,0,0,0.215398251729009,21.5%,0.07315068547916058,7.3%,Heuristic
Tyrese Martin,BKN,Brooklyn Nets,Away,6.9,1.3,3.1,2.6,19.9,63.31658291457287,0.18840579710144928,0,0.3239448767572256,2.271288370307261,0.7660918211834675,2.134615441818607,2,0,645.1,0.645,Active,,Active,0.0,0,0,0.13564825172900902,13.6%,0.10107974726405759,10.1%,Heuristic
Tyson Etienne,BKN,Brooklyn Nets,Away,0.0,0.0,0.0,0.0,5.4,0.0,0.0,0,0.3239448767572256,2.271288370307261,0.7660918211834675,2.134615441818607,2,0,645.1,0.645,Active,,Active,0.0,0,0,0.0,~0%,0.0,~0%,Heuristic
Ziaire Williams,BKN,Brooklyn Nets,Away,11.6,2.2,2.6,0.2,19.7,73.09644670050761,0.18965517241379312,0,0.3239448767572256,2.271288370307261,0.7660918211834675,2.134615441818607,2,0,645.1,0.645,Active,,Active,0.0,0,0,0.20289825172900894,20.3%,0.20614221602967484,20.6%,Heuristic
Amari Williams,BOS,Boston Celtics,Home,1.0,0.0,1.0,0.5,3.4,73.52941176470588,0.0,1,-1.3845734713574265,-0.0618495889460819,2.0228992278892086,-1.3739719019015848,2,0,0.0,0.0,Active,,Active,0.0,0,0,0.020365878307789038,2.0%,0.0015462397236520474,0.2%,Heuristic
Anfernee Simons,BOS,Boston Celtics,Home,13.9,2.6,2.3,1.5,26.6,66.54135338345864,0.18705035971223022,1,-1.3845734713574265,-0.0618495889460819,2.0228992278892086,-1.3739719019015848,2,0,0.0,0.0,Active,,Active,0.0,0,0,0.24061587830778902,24.1%,0.31423209104259686,31.4%,Heuristic
Baylor Scheierman,BOS,Boston Celtics,Home,2.9,0.7,2.6,0.3,9.5,61.05263157894737,0.24137931034482757,1,-1.3845734713574265,-0.0618495889460819,2.0228992278892086,-1.3739719019015848,2,0,0.0,0.0,Active,,Active,0.0,0,0,0.060740878307789035,6.1%,0.09528187190756009,9.5%,Heuristic
Chris Boucher,BOS,Boston Celtics,Home,2.5,0.2,1.7,0.3,10.6,42.45283018867924,0.08,1,-1.3845734713574265,-0.0618495889460819,2.0228992278892086,-1.3739719019015848,2,0,0.0,0.0,Active,,Active,0.0,0,0,0.04861587830778903,4.9%,0.028879573056985377,2.9%,Heuristic
Derrick White,BOS,Boston Celtics,Home,14.4,2.5,3.8,4.3,32.3,69.65944272445822,0.1736111111111111,1,-1.3845734713574265,-0.0618495889460819,2.0228992278892086,-1.3739719019015848,2,0,0.0,0.0,Active,,Active,0.0,0,0,0.26511587830778904,26.5%,0.30189346194587424,30.2%,Heuristic
Hugo González,BOS,Boston Celtics,Home,3.3,0.3,2.0,0.7,14.1,42.5531914893617,0.09090909090909091,1,-1.3845734713574265,-0.0618495889460819,2.0228992278892086,-1.3739719019015848,2,0,0.0,0.0,Active,,Active,0.0,0,0,0.06449087830778903,6.4%,0.04109169426910659,4.1%,Heuristic
Jaylen Brown,BOS,Boston Celtics,Home,26.8,2.4,4.4,4.3,31.8,111.63522012578618,0.08955223880597014,1,-1.3845734713574265,-0.0618495889460819,2.0228992278892086,-1.3739719019015848,2,0,0.0,0.0,Active,,Active,0.0,0,0,0.47036587830778914,47.0%,0.28602385166395056,28.6%,Heuristic
Jordan Walsh,BOS,Boston Celtics,Home,2.5,0.5,1.0,0.3,6.0,63.33333333333333,0.2,1,-1.3845734713574265,-0.0618495889460819,2.0228992278892086,-1.3739719019015848,2,0,0.0,0.0,Active,,Active,0.0,0,0,0.04424087830778904,4.4%,0.06987957305698538,7.0%,Heuristic
Josh Minott,BOS,Boston Celtics,Home,7.4,0.9,6.7,1.7,20.9,75.59808612440192,0.12162162162162161,1,-1.3845734713574265,-0.0618495889460819,2.0228992278892086,-1.3739719019015848,2,0,0.0,0.0,Active,,Active,0.0,0,0,0.16299087830778905,16.3%,0.11262732080473313,11.3%,Heuristic
Luka Garza,BOS,Boston Celtics,Home,5.6,0.6,3.6,0.9,13.8,73.18840579710144,0.10714285714285715,1,-1.3845734713574265,-0.0618495889460819,2.0228992278892086,-1.3739719019015848,2,0,0.0,0.0,Active,,Active,0.0,0,0,0.11236587830778903,11.2%,0.0769033825807949,7.7%,Heuristic
Neemias Queta,BOS,Boston Celtics,Home,8.4,0.0,7.6,1.3,22.8,75.87719298245614,0.0,1,-1.3845734713574265,-0.0618495889460819,2.0228992278892086,-1.3739719019015848,2,0,0.0,0.0,Active,,Active,0.0,0,0,0.18386587830778905,18.4%,0.0015462397236520474,0.2%,Heuristic
Payton Pritchard,BOS,Boston Celtics,Home,15.0,1.6,4.3,5.3,32.9,74.77203647416414,0.10666666666666667,1,-1.3845734713574265,-0.0618495889460819,2.0228992278892086,-1.3739719019015848,2,0,0.0,0.0,Active,,Active,0.0,0,0,0.28049087830778896,28.0%,0.19354623972365204,19.4%,Heuristic
Ron Harper Jr.,BOS,Boston Celtics,Home,1.0,0.0,1.5,1.5,5.6,71.42857142857143,0.0,1,-1.3845734713574265,-0.0618495889460819,2.0228992278892086,-1.3739719019015848,2,0,0.0,0.0,Active,,Active,0.0,0,0,0.025990878307789032,2.6%,0.0015462397236520474,0.2%,Heuristic
Sam Hauser,BOS,Boston Celtics,Home,9.6,3.0,3.1,1.3,23.7,59.07172995780591,0.3125,1,-1.3845734713574265,-0.0618495889460819,2.0228992278892086,-1.3739719019015848,2,0,0.0,0.0,Active,,Active,0.0,0,0,0.17524087830778906,17.5%,0.36717123972365195,36.7%,Heuristic
Xavier Tillman,BOS,Boston Celtics,Home,2.9,0.3,2.4,0.6,8.7,67.81609195402298,0.10344827586206896,1,-1.3845734713574265,-0.0618495889460819,2.0228992278892086,-1.3739719019015848,2,0,0.0,0.0,Active,,Active,0.0,0,0,0.060240878307789035,6.0%,0.041718653516755494,4.2%,Heuristic
AJ Johnson,WAS,Washington Wizards,Away,0.4,0.0,0.4,0.2,4.0,25.0,0.0,0,-0.0618495889460819,-1.3845734713574265,-1.3739719019015848,2.0228992278892086,2,0,393.6,0.394,Active,,Active,0.0,0,0,0.010879092866831579,1.1%,0.03264433678393566,3.3%,Heuristic
Alex Sarr,WAS,Washington Wizards,Away,17.3,0.9,8.4,4.1,27.7,107.58122743682313,0.05202312138728324,0,-0.0618495889460819,-1.3845734713574265,-1.3739719019015848,2.0228992278892086,2,0,393.6,0.394,Active,,Active,0.0,0,0,0.3452540928668316,34.5%,0.14024549285329982,14.0%,Heuristic
Anthony Gill,WAS,Washington Wizards,Away,1.5,0.0,1.0,0.0,2.8,89.28571428571429,0.0,0,-0.0618495889460819,-1.3845734713574265,-1.3739719019015848,2.0228992278892086,2,0,393.6,0.394,Active,,Active,0.0,0,0,0.03200409286683158,3.2%,0.03264433678393566,3.3%,Heuristic
Bilal Coulibaly,WAS,Washington Wizards,Away,13.7,1.7,5.7,3.3,26.2,86.6412213740458,0.12408759124087591,0,-0.0618495889460819,-1.3845734713574265,-1.3739719019015848,2.0228992278892086,2,0,393.6,0.394,Active,,Active,0.0,0,0,0.2678790928668316,26.8%,0.23718204967931278,23.7%,Heuristic
Bub Carrington,WAS,Washington Wizards,Away,6.0,1.0,4.0,4.0,26.8,52.23880597014925,0.16666666666666666,0,-0.0618495889460819,-1.3845734713574265,-1.3739719019015848,2.0228992278892086,2,0,393.6,0.394,Active,,Active,0.0,0,0,0.13387909286683158,13.4%,0.15764433678393566,15.8%,Heuristic
CJ McCollum,WAS,Washington Wizards,Away,12.9,2.3,3.3,3.4,28.6,68.53146853146852,0.17829457364341084,0,-0.0618495889460819,-1.3845734713574265,-1.3739719019015848,2.0228992278892086,2,0,393.6,0.394,Active,,Active,0.0,0,0,0.24012909286683154,24.0%,0.30989239879943953,31.0%,Heuristic
Cam Whitmore,WAS,Washington Wizards,Away,8.3,0.9,2.9,0.7,15.9,74.8427672955975,0.10843373493975902,0,-0.0618495889460819,-1.3845734713574265,-1.3739719019015848,2.0228992278892086,2,0,393.6,0.394,Active,,Active,0.0,0,0,0.15612909286683158,15.6%,0.1430660235309236,14.3%,Heuristic
Corey Kispert,WAS,Washington Wizards,Away,8.0,1.4,2.4,1.7,19.0,63.68421052631579,0.175,0,-0.0618495889460819,-1.3845734713574265,-1.3739719019015848,2.0228992278892086,2,0,393.6,0.394,Active,,Active,0.0,0,0,0.15062909286683157,15.1%,0.204727670117269,20.5%,Heuristic
Jamir Watkins,WAS,Washington Wizards,Away,0.0,0.0,0.0,0.0,0.2,0.0,0.0,0,-0.0618495889460819,-1.3845734713574265,-1.3739719019015848,2.0228992278892086,2,0,393.6,0.394,Active,,Active,0.0,0,0,0.0013790928668315785,0.1%,0.03264433678393566,3.3%,Heuristic
Justin Champagnie,WAS,Washington Wizards,Away,1.7,0.0,1.8,0.3,6.4,59.374999999999986,0.0,0,-0.0618495889460819,-1.3845734713574265,-1.3739719019015848,2.0228992278892086,2,0,393.6,0.394,Active,,Active,0.0,0,0,0.04100409286683158,4.1%,0.03264433678393566,3.3%,Heuristic
Khris Middleton,WAS,Washington Wizards,Away,11.3,1.2,4.5,2.2,24.9,72.28915662650603,0.10619469026548671,0,-0.0618495889460819,-1.3845734713574265,-1.3739719019015848,2.0228992278892086,2,0,393.6,0.394,Out,Elbow,Out,1.0,1,0,0.0,~0%,0.0,~0%,Heuristic
Kyshawn George,WAS,Washington Wizards,Away,17.9,3.0,7.4,4.1,31.1,94.5337620578778,0.1675977653631285,0,-0.0618495889460819,-1.3845734713574265,-1.3739719019015848,2.0228992278892086,2,0,393.6,0.394,Active,,Active,0.0,0,0,0.34875409286683157,34.9%,0.39102422505209206,39.1%,Heuristic
Malaki Branham,WAS,Washington Wizards,Away,5.0,1.0,1.0,0.0,4.3,139.53488372093022,0.2,0,-0.0618495889460819,-1.3845734713574265,-1.3739719019015848,2.0228992278892086,2,0,393.6,0.394,Active,,Active,0.0,0,0,0.08887909286683157,8.9%,0.1593110034506023,15.9%,Heuristic
Marvin Bagley III,WAS,Washington Wizards,Away,7.0,0.3,4.0,1.4,14.8,83.78378378378379,0.04285714285714286,0,-0.0618495889460819,-1.3845734713574265,-1.3739719019015848,2.0228992278892086,2,0,393.6,0.394,Active,,Active,0.0,0,0,0.14362909286683156,14.4%,0.0697871939267928,7.0%,Heuristic
Sharife Cooper,WAS,Washington Wizards,Away,0.0,0.0,0.0,0.0,2.0,0.0,0.0,0,-0.0618495889460819,-1.3845734713574265,-1.3739719019015848,2.0228992278892086,2,0,393.6,0.394,Active,,Active,0.0,0,0,0.0013790928668315785,0.1%,0.03264433678393566,3.3%,Heuristic
Tre Johnson,WAS,Washington Wizards,Away,12.3,2.1,3.4,1.6,25.7,67.31517509727627,0.17073170731707316,0,-0.0618495889460819,-1.3845734713574265,-1.3739719019015848,2.0228992278892086,2,0,393.6,0.394,Active,,Active,0.0,0,0,0.2265040928668316,22.7%,0.28618092214978935,28.6%,Heuristic
Tristan Vukcevic,WAS,Washington Wizards,Away,2.5,0.2,0.8,0.5,5.5,69.0909090909091,0.08,0,-0.0618495889460819,-1.3845734713574265,-1.3739719019015848,2.0228992278892086,2,0,393.6,0.394,Active,,Active,0.0,0,0,0.04825409286683158,4.8%,0.05997767011726899,6.0%,Heuristic
Will Riley,WAS,Washington Wizards,Away,2.3,0.2,1.5,0.8,6.4,71.87499999999999,0.08695652173913045,0,-0.0618495889460819,-1.3845734713574265,-1.3739719019015848,2.0228992278892086,2,0,393.6,0.394,Active,,Active,0.0,0,0,0.05012909286683158,5.0%,0.06032549620422551,6.0%,Heuristic
Ariel Hukporti,NYK,New York Knicks,Home,0.5,0.0,3.5,1.3,10.9,48.62385321100917,0.0,1,1.2241319633982803,-1.0906348308215708,-0.2114250506987751,-0.6024317994516722,2,0,0.0,0.0,Active,,Active,0.0,0,0,0.037673623447022665,3.8%,0.02726587077053927,2.7%,Heuristic
Guerschon Yabusele,NYK,New York Knicks,Home,1.5,0.3,3.0,0.2,10.1,46.53465346534654,0.19999999999999998,1,1.2241319633982803,-1.0906348308215708,-0.2114250506987751,-0.6024317994516722,2,0,0.0,0.0,Active,,Active,0.0,0,0,0.04804862344702267,4.8%,0.07226587077053927,7.2%,Heuristic
Jalen Brunson,NYK,New York Knicks,Home,29.0,2.6,3.4,5.6,34.1,111.43695014662755,0.0896551724137931,1,1.2241319633982803,-1.0906348308215708,-0.2114250506987751,-0.6024317994516722,2,0,0.0,0.0,Active,,Active,0.0,0,0,0.5109236234470227,51.1%,0.33508196272456225,33.5%,Heuristic
Jordan Clarkson,NYK,New York Knicks,Home,9.1,1.4,1.4,1.4,16.1,73.91304347826086,0.15384615384615385,1,1.2241319633982803,-1.0906348308215708,-0.2114250506987751,-0.6024317994516722,2,0,0.0,0.0,Active,,Active,0.0,0,0,0.16454862344702265,16.5%,0.19829151179618024,19.8%,Heuristic
Josh Hart,NYK,New York Knicks,Home,6.2,0.7,7.2,3.5,23.6,71.61016949152541,0.1129032258064516,1,1.2241319633982803,-1.0906348308215708,-0.2114250506987751,-0.6024317994516722,2,0,0.0,0.0,Active,,Active,0.0,0,0,0.15892362344702265,15.9%,0.1145776987275285,11.5%,Heuristic
Karl-Anthony Towns,NYK,New York Knicks,Home,20.4,1.9,13.1,3.1,33.4,109.5808383233533,0.09313725490196079,1,1.2241319633982803,-1.0906348308215708,-0.2114250506987751,-0.6024317994516722,2,0,0.0,0.0,Questionable,Illness,Limited,0.5,0,1,0.20213559613733575,20.2%,0.12045496508659438,12.0%,Heuristic
Landry Shamet,NYK,New York Knicks,Home,7.4,1.9,2.3,0.6,18.6,55.376344086021504,0.25675675675675674,1,1.2241319633982803,-1.0906348308215708,-0.2114250506987751,-0.6024317994516722,2,0,0.0,0.0,Active,,Active,0.0,0,0,0.14054862344702265,14.1%,0.26177037527504377,26.2%,Heuristic
Mikal Bridges,NYK,New York Knicks,Home,16.4,2.4,5.4,5.3,35.4,76.55367231638418,0.14634146341463417,1,1.2241319633982803,-1.0906348308215708,-0.2114250506987751,-0.6024317994516722,2,0,0.0,0.0,Active,,Active,0.0,0,0,0.31792362344702263,31.8%,0.314582943941271,31.5%,Heuristic
Miles McBride,NYK,New York Knicks,Home,8.8,2.2,3.0,2.6,24.9,57.83132530120483,0.25,1,1.2241319633982803,-1.0906348308215708,-0.2114250506987751,-0.6024317994516722,2,0,0.0,0.0,Active,,Active,0.0,0,0,0.17267362344702267,17.3%,0.29643253743720593,29.6%,Heuristic
Mitchell Robinson,NYK,New York Knicks,Home,2.0,0.0,8.0,1.5,16.5,69.6969696969697,0.0,1,1.2241319633982803,-1.0906348308215708,-0.2114250506987751,-0.6024317994516722,2,0,0.0,0.0,Active,,Active,0.0,0,0,0.09067362344702265,9.1%,0.02726587077053927,2.7%,Heuristic
Mohamed Diawara,NYK,New York Knicks,Home,0.0,0.0,0.0,0.3,1.8,16.666666666666664,0.0,1,1.2241319633982803,-1.0906348308215708,-0.2114250506987751,-0.6024317994516722,2,0,0.0,0.0,Active,,Active,0.0,0,0,0.005173623447022664,0.5%,0.02726587077053927,2.7%,Heuristic
OG Anunoby,NYK,New York Knicks,Home,17.1,3.0,5.7,2.6,34.3,74.0524781341108,0.17543859649122806,1,1.2241319633982803,-1.0906348308215708,-0.2114250506987751,-0.6024317994516722,2,0,0.0,0.0,Active,,Active,0.0,0,0,0.3244236234470227,32.4%,0.3860378005951006,38.6%,Heuristic
Pacôme Dadiet,NYK,New York Knicks,Home,0.0,0.0,0.5,0.0,2.1,23.809523809523807,0.0,1,1.2241319633982803,-1.0906348308215708,-0.2114250506987751,-0.6024317994516722,2,0,0.0,0.0,Active,,Active,0.0,0,0,0.0075486234470226645,0.8%,0.02726587077053927,2.7%,Heuristic
Trey Jemison III,NYK,New York Knicks,Home,0.0,0.0,2.0,0.0,7.7,25.97402597402597,0.0,1,1.2241319633982803,-1.0906348308215708,-0.2114250506987751,-0.6024317994516722,2,0,0.0,0.0,Active,,Active,0.0,0,0,0.016923623447022664,1.7%,0.02726587077053927,2.7%,Heuristic
Tyler Kolek,NYK,New York Knicks,Home,3.0,0.4,0.6,1.1,8.1,58.0246913580247,0.13333333333333333,1,1.2241319633982803,-1.0906348308215708,-0.2114250506987751,-0.6024317994516722,2,0,0.0,0.0,Active,,Active,0.0,0,0,0.059673623447022664,6.0%,0.0805992041038726,8.1%,Heuristic
Anthony Edwards,MIN,Minnesota Timberwolves,Away,25.7,3.0,4.0,2.0,25.7,123.34630350194553,0.11673151750972763,0,-1.0906348308215708,1.2241319633982803,-0.6024317994516722,-0.2114250506987751,2,0,1016.5,1.016,Questionable,Hamstring,Limited,0.5,0,1,0.21035861778513165,21.0%,0.15207280647550142,15.2%,Heuristic
Bones Hyland,MIN,Minnesota Timberwolves,Away,4.4,0.9,1.1,1.4,11.7,58.97435897435898,0.20454545454545453,0,-1.0906348308215708,1.2241319633982803,-0.6024317994516722,-0.2114250506987751,2,0,1016.5,1.016,Active,,Active,0.0,0,0,0.07711024796869823,7.7%,0.07954397364231572,8.0%,Heuristic
Donte DiVincenzo,MIN,Minnesota Timberwolves,Away,15.1,3.4,3.6,4.0,30.2,75.16556291390728,0.2251655629139073,0,-1.0906348308215708,1.2241319633982803,-0.6024317994516722,-0.2114250506987751,2,0,1016.5,1.016,Active,,Active,0.0,0,0,0.27311024796869826,27.3%,0.372241645727405,37.2%,Heuristic
Jaden McDaniels,MIN,Minnesota Timberwolves,Away,18.6,1.7,4.1,2.0,32.7,75.53516819571865,0.09139784946236558,0,-1.0906348308215708,1.2241319633982803,-0.6024317994516722,-0.2114250506987751,2,0,1016.5,1.016,Active,,Active,0.0,0,0,0.32811024796869825,32.8%,0.16721992672149458,16.7%,Heuristic
Jaylen Clark,MIN,Minnesota Timberwolves,Away,5.0,0.2,3.0,1.2,16.9,54.437869822485204,0.04,0,-1.0906348308215708,1.2241319633982803,-0.6024317994516722,-0.2114250506987751,2,0,1016.5,1.016,Active,,Active,0.0,0,0,0.09823524796869823,9.8%,0.0,~0%,Heuristic
Joan Beringer,MIN,Minnesota Timberwolves,Away,0.5,0.0,1.3,0.0,2.8,64.28571428571429,0.0,0,-1.0906348308215708,1.2241319633982803,-0.6024317994516722,-0.2114250506987751,2,0,1016.5,1.016,Active,,Active,0.0,0,0,0.011485247968698223,1.1%,0.0,~0%,Heuristic
Joe Ingles,MIN,Minnesota Timberwolves,Away,0.0,0.0,0.0,0.5,2.0,25.0,0.0,0,-1.0906348308215708,1.2241319633982803,-0.6024317994516722,-0.2114250506987751,2,0,1016.5,1.016,Active,,Active,0.0,0,0,0.0,~0%,0.0,~0%,Heuristic
Johnny Juzang,MIN,Minnesota Timberwolves,Away,1.3,0.3,0.3,0.0,2.3,69.56521739130436,0.23076923076923075,0,-1.0906348308215708,1.2241319633982803,-0.6024317994516722,-0.2114250506987751,2,0,1016.5,1.016,Active,,Active,0.0,0,0,0.018235247968698222,1.8%,0.010855162453504527,1.1%,Heuristic
Julius Randle,MIN,Minnesota Timberwolves,Away,26.0,2.3,7.1,5.9,34.5,113.04347826086956,0.08846153846153845,0,-1.0906348308215708,1.2241319633982803,-0.6024317994516722,-0.2114250506987751,2,0,1016.5,1.016,Active,,Active,0.0,0,0,0.4768602479686982,47.7%,0.23707311117145324,23.7%,Heuristic
Leonard Miller,MIN,Minnesota Timberwolves,Away,1.3,0.0,0.7,0.0,3.2,62.5,0.0,0,-1.0906348308215708,1.2241319633982803,-0.6024317994516722,-0.2114250506987751,2,0,1016.5,1.016,Active,,Active,0.0,0,0,0.020735247968698224,2.1%,0.0,~0%,Heuristic
Mike Conley,MIN,Minnesota Timberwolves,Away,6.6,1.3,2.6,4.0,21.9,60.273972602739725,0.196969696969697,0,-1.0906348308215708,1.2241319633982803,-0.6024317994516722,-0.2114250506987751,2,0,1016.5,1.016,Active,,Active,0.0,0,0,0.12873524796869823,12.9%,0.12583185243019449,12.6%,Heuristic
Naz Reid,MIN,Minnesota Timberwolves,Away,12.7,1.7,5.1,1.6,23.1,83.98268398268397,0.13385826771653545,0,-1.0906348308215708,1.2241319633982803,-0.6024317994516722,-0.2114250506987751,2,0,1016.5,1.016,Active,,Active,0.0,0,0,0.23748524796869824,23.7%,0.1693429476342031,16.9%,Heuristic
Rob Dillingham,MIN,Minnesota Timberwolves,Away,4.6,0.0,0.8,2.4,13.0,59.999999999999986,0.0,0,-1.0906348308215708,1.2241319633982803,-0.6024317994516722,-0.2114250506987751,2,0,1016.5,1.016,Active,,Active,0.0,0,0,0.08098524796869822,8.1%,0.0,~0%,Heuristic
Rudy Gobert,MIN,Minnesota Timberwolves,Away,10.3,0.0,9.9,1.7,32.5,67.38461538461539,0.0,0,-1.0906348308215708,1.2241319633982803,-0.6024317994516722,-0.2114250506987751,2,0,1016.5,1.016,Active,,Active,0.0,0,0,0.22873524796869824,22.9%,0.0,~0%,Heuristic
Terrence Shannon Jr.,MIN,Minnesota Timberwolves,Away,3.9,0.6,2.4,1.1,16.5,44.84848484848485,0.15384615384615385,0,-1.0906348308215708,1.2241319633982803,-0.6024317994516722,-0.2114250506987751,2,0,1016.5,1.016,Active,,Active,0.0,0,0,0.07636024796869822,7.6%,0.04200900860735068,4.2%,Heuristic
Cam Spencer,MEM,Memphis Grizzlies,Home,7.9,2.0,2.3,3.4,16.9,80.4733727810651,0.2531645569620253,1,0.0851197313218446,1.0771626431303538,-0.8770674920281105,0.727689372645237,2,0,0.0,0.0,Active,,Active,0.0,0,0,0.15011634602439167,15.0%,0.21906249510317574,21.9%,Heuristic
Cedric Coward,MEM,Memphis Grizzlies,Home,15.3,1.8,5.0,2.5,26.0,87.6923076923077,0.11764705882352941,1,0.0851197313218446,1.0771626431303538,-0.8770674920281105,0.727689372645237,2,0,0.0,0.0,Active,,Active,0.0,0,0,0.2849913460243917,28.5%,0.18895328686291765,18.9%,Heuristic
Charles Bassey,MEM,Memphis Grizzlies,Home,3.0,0.0,10.0,1.0,15.2,92.10526315789474,0.0,1,0.0851197313218446,1.0771626431303538,-0.8770674920281105,0.727689372645237,2,0,0.0,0.0,Active,,Active,0.0,0,0,0.11261634602439166,11.3%,0.0,~0%,Heuristic
GG Jackson,MEM,Memphis Grizzlies,Home,2.5,0.0,1.0,0.0,9.1,38.46153846153847,0.0,1,0.0851197313218446,1.0771626431303538,-0.8770674920281105,0.727689372645237,2,0,0.0,0.0,Active,,Active,0.0,0,0,0.04574134602439167,4.6%,0.0,~0%,Heuristic
Ja Morant,MEM,Memphis Grizzlies,Home,20.4,0.7,3.6,7.1,29.5,105.42372881355932,0.03431372549019608,1,0.0851197313218446,1.0771626431303538,-0.8770674920281105,0.727689372645237,2,0,0.0,0.0,Active,,Active,0.0,0,0,0.3706163460243917,37.1%,0.05645328686291762,5.6%,Heuristic
Jaren Jackson Jr.,MEM,Memphis Grizzlies,Home,18.0,1.6,5.4,1.4,28.7,86.41114982578397,0.08888888888888889,1,0.0851197313218446,1.0771626431303538,-0.8770674920281105,0.727689372645237,2,0,0.0,0.0,Active,,Active,0.0,0,0,0.3286163460243917,32.9%,0.16418204503285225,16.4%,Heuristic
Javon Small,MEM,Memphis Grizzlies,Home,5.3,1.0,1.3,3.7,16.1,63.975155279503106,0.18867924528301888,1,0.0851197313218446,1.0771626431303538,-0.8770674920281105,0.727689372645237,2,0,0.0,0.0,Active,,Active,0.0,0,0,0.10236634602439165,10.2%,0.09917156285255875,9.9%,Heuristic
Jaylen Wells,MEM,Memphis Grizzlies,Home,9.3,1.4,4.0,1.6,26.1,57.08812260536398,0.15053763440860213,1,0.0851197313218446,1.0771626431303538,-0.8770674920281105,0.727689372645237,2,0,0.0,0.0,Active,,Active,0.0,0,0,0.17899134602439168,17.9%,0.14393114897550455,14.4%,Heuristic
Jock Landale,MEM,Memphis Grizzlies,Home,11.0,1.3,5.3,1.4,24.3,72.83950617283949,0.11818181818181818,1,0.0851197313218446,1.0771626431303538,-0.8770674920281105,0.727689372645237,2,0,0.0,0.0,Active,,Active,0.0,0,0,0.2142413460243917,21.4%,0.13064669149749872,13.1%,Heuristic
John Konchar,MEM,Memphis Grizzlies,Home,3.7,0.7,2.7,1.0,13.7,54.01459854014598,0.18918918918918917,1,0.0851197313218446,1.0771626431303538,-0.8770674920281105,0.727689372645237,2,0,0.0,0.0,Active,,Active,0.0,0,0,0.07836634602439167,7.8%,0.06419706004786728,6.4%,Heuristic
Kentavious Caldwell-Pope,MEM,Memphis Grizzlies,Home,9.5,1.4,2.6,3.9,24.9,64.2570281124498,0.14736842105263157,1,0.0851197313218446,1.0771626431303538,-0.8770674920281105,0.727689372645237,2,0,0.0,0.0,Active,,Active,0.0,0,0,0.17924134602439165,17.9%,0.14377268830770604,14.4%,Heuristic
Olivier-Maxence Prosper,MEM,Memphis Grizzlies,Home,5.6,0.0,2.6,0.2,9.5,88.42105263157893,0.0,1,0.0851197313218446,1.0771626431303538,-0.8770674920281105,0.727689372645237,2,0,0.0,0.0,Active,,Active,0.0,0,0,0.10661634602439166,10.7%,0.0,~0%,Heuristic
PJ Hall,MEM,Memphis Grizzlies,Home,2.3,0.3,1.3,0.0,5.7,63.1578947368421,0.13043478260869565,1,0.0851197313218446,1.0771626431303538,-0.8770674920281105,0.727689372645237,2,0,0.0,0.0,Active,,Active,0.0,0,0,0.04436634602439167,4.4%,0.014592673052175936,1.5%,Heuristic
Santi Aldama,MEM,Memphis Grizzlies,Home,11.0,1.3,7.1,2.3,24.4,83.6065573770492,0.11818181818181818,1,0.0851197313218446,1.0771626431303538,-0.8770674920281105,0.727689372645237,2,0,0.0,0.0,Active,,Active,0.0,0,0,0.2277413460243917,22.8%,0.13064669149749872,13.1%,Heuristic
Vince Williams Jr.,MEM,Memphis Grizzlies,Home,8.3,1.0,2.3,2.7,17.6,75.56818181818181,0.12048192771084336,1,0.0851197313218446,1.0771626431303538,-0.8770674920281105,0.727689372645237,2,0,0.0,0.0,Active,,Active,0.0,0,0,0.15486634602439167,15.5%,0.09576169697394998,9.6%,Heuristic
Aaron Holiday,HOU,Houston Rockets,Away,4.3,0.7,1.0,1.0,8.2,76.82926829268293,0.1627906976744186,0,1.0771626431303538,0.0851197313218446,0.727689372645237,-0.8770674920281105,2,0,484.0,0.484,Active,,Active,0.0,0,0,0.08096950694367358,8.1%,0.08525820826734147,8.5%,Heuristic
Alperen Sengun,HOU,Houston Rockets,Away,22.8,1.5,8.8,7.3,37.1,104.85175202156334,0.06578947368421052,0,1.0771626431303538,0.0851197313218446,0.727689372645237,-0.8770674920281105,2,0,484.0,0.484,Active,,Active,0.0,0,0,0.44609450694367353,44.6%,0.17374148040116436,17.4%,Heuristic
Amen Thompson,HOU,Houston Rockets,Away,17.0,0.3,5.8,5.5,34.2,82.7485380116959,0.01764705882352941,0,1.0771626431303538,0.0851197313218446,0.727689372645237,-0.8770674920281105,2,0,484.0,0.484,Active,,Active,0.0,0,0,0.32859450694367365,32.9%,0.031334359658130355,3.1%,Heuristic
Clint Capela,HOU,Houston Rockets,Away,4.3,0.0,4.3,0.2,10.1,87.12871287128712,0.0,0,1.0771626431303538,0.0851197313218446,0.727689372645237,-0.8770674920281105,2,0,484.0,0.484,Active,,Active,0.0,0,0,0.09959450694367358,10.0%,0.0,~0%,Heuristic
JD Davison,HOU,Houston Rockets,Away,4.0,1.0,0.0,1.0,7.4,67.56756756756756,0.25,0,1.0771626431303538,0.0851197313218446,0.727689372645237,-0.8770674920281105,2,0,484.0,0.484,Active,,Active,0.0,0,0,0.06984450694367358,7.0%,0.12461867338362054,12.5%,Heuristic
Jabari Smith Jr.,HOU,Houston Rockets,Away,15.0,2.2,5.2,1.4,34.0,63.52941176470588,0.14666666666666667,0,1.0771626431303538,0.0851197313218446,0.727689372645237,-0.8770674920281105,2,0,484.0,0.484,Questionable,Ankle,Limited,0.5,0,1,0.13399489079824498,13.4%,0.1232397031905531,12.3%,Heuristic
Jae'Sean Tate,HOU,Houston Rockets,Away,1.3,0.0,1.3,0.0,8.0,32.5,0.0,0,1.0771626431303538,0.0851197313218446,0.727689372645237,-0.8770674920281105,2,0,484.0,0.484,Active,,Active,0.0,0,0,0.031594506943673585,3.2%,0.0,~0%,Heuristic
Jeff Green,HOU,Houston Rockets,Away,4.5,1.5,0.0,0.0,5.7,78.94736842105263,0.3333333333333333,0,1.0771626431303538,0.0851197313218446,0.727689372645237,-0.8770674920281105,2,0,484.0,0.484,Active,,Active,0.0,0,0,0.07546950694367359,7.5%,0.18711867338362054,18.7%,Heuristic
Josh Okogie,HOU,Houston Rockets,Away,8.7,1.5,1.7,1.3,22.9,51.09170305676856,0.1724137931034483,0,1.0771626431303538,0.0851197313218446,0.727689372645237,-0.8770674920281105,2,0,484.0,0.484,Active,,Active,0.0,0,0,0.15759450694367355,15.8%,0.17907269637212628,17.9%,Heuristic
Kevin Durant,HOU,Houston Rockets,Away,26.2,1.8,5.5,2.3,35.6,95.50561797752809,0.06870229007633588,0,1.0771626431303538,0.0851197313218446,0.727689372645237,-0.8770674920281105,2,0,484.0,0.484,Active,,Active,0.0,0,0,0.46821950694367365,46.8%,0.2088871212207707,20.9%,Heuristic
Reed Sheppard,HOU,Houston Rockets,Away,9.5,2.2,3.0,3.3,20.6,76.69902912621359,0.23157894736842108,0,1.0771626431303538,0.0851197313218446,0.727689372645237,-0.8770674920281105,2,0,484.0,0.484,Active,,Active,0.0,0,0,0.18371950694367356,18.4%,0.2636976207520416,26.4%,Heuristic
Steven Adams,HOU,Houston Rockets,Away,6.5,0.0,9.5,1.7,22.5,78.66666666666666,0.0,0,1.0771626431303538,0.0851197313218446,0.727689372645237,-0.8770674920281105,2,0,484.0,0.484,Questionable,Hip,Limited,0.5,0,1,0.08150739079824494,8.2%,0.0,~0%,Heuristic
Tari Eason,HOU,Houston Rockets,Away,11.7,2.5,5.2,2.2,24.7,77.32793522267207,0.2136752136752137,0,1.0771626431303538,0.0851197313218446,0.727689372645237,-0.8770674920281105,2,0,484.0,0.484,Active,,Active,0.0,0,0,0.2304695069436736,23.0%,0.2978024340673812,29.8%,Heuristic
Anthony Davis,DAL,Dallas Mavericks,Home,20.8,0.6,10.2,2.2,29.9,111.03678929765888,0.028846153846153844,1,-0.7599538602187352,0.7464816725275182,1.4084600512775138,-0.2114250506987751,2,0,0.0,0.0,Out,Calf,Out,1.0,1,0,0.0,~0%,0.0,~0%,Heuristic
Brandon Williams,DAL,Dallas Mavericks,Home,6.8,0.2,1.8,1.0,13.1,73.2824427480916,0.029411764705882356,1,-0.7599538602187352,0.7464816725275182,1.4084600512775138,-0.2114250506987751,2,0,0.0,0.0,Active,,Active,0.0,0,0,0.12141701325879375,12.1%,0.006141879755439494,0.6%,Heuristic
Caleb Martin,DAL,Dallas Mavericks,Home,2.0,0.2,1.2,0.7,8.4,46.42857142857143,0.1,1,-0.7599538602187352,0.7464816725275182,1.4084600512775138,-0.2114250506987751,2,0,0.0,0.0,Active,,Active,0.0,0,0,0.038917013258793764,3.9%,0.009671291520145377,1.0%,Heuristic
Cooper Flagg,DAL,Dallas Mavericks,Home,13.6,1.1,6.3,2.9,32.7,69.72477064220182,0.08088235294117647,1,-0.7599538602187352,0.7464816725275182,1.4084600512775138,-0.2114250506987751,2,0,0.0,0.0,Active,,Active,0.0,0,0,0.26479201325879376,26.5%,0.1137154091672042,11.4%,Heuristic
D'Angelo Russell,DAL,Dallas Mavericks,Home,13.6,1.7,3.4,6.0,23.1,99.56709956709956,0.125,1,-0.7599538602187352,0.7464816725275182,1.4084600512775138,-0.2114250506987751,2,0,0.0,0.0,Active,,Active,0.0,0,0,0.2544170132587938,25.4%,0.1859212915201454,18.6%,Heuristic
Daniel Gafford,DAL,Dallas Mavericks,Home,10.5,0.0,4.0,2.0,21.1,78.19905213270142,0.0,1,-0.7599538602187352,0.7464816725275182,1.4084600512775138,-0.2114250506987751,2,0,0.0,0.0,Active,,Active,0.0,0,0,0.19779201325879375,19.8%,0.0,~0%,Heuristic
Dereck Lively II,DAL,Dallas Mavericks,Home,5.3,0.0,5.0,3.0,16.9,78.69822485207102,0.0,1,-0.7599538602187352,0.7464816725275182,1.4084600512775138,-0.2114250506987751,2,0,0.0,0.0,Out,Knee,Out,1.0,1,0,0.0,~0%,0.0,~0%,Heuristic
Dwight Powell,DAL,Dallas Mavericks,Home,4.2,0.0,2.3,0.7,11.2,64.28571428571429,0.0,1,-0.7599538602187352,0.7464816725275182,1.4084600512775138,-0.2114250506987751,2,0,0.0,0.0,Active,,Active,0.0,0,0,0.08154201325879377,8.2%,0.0,~0%,Heuristic
Jaden Hardy,DAL,Dallas Mavericks,Home,4.7,1.0,1.0,0.3,10.0,60.0,0.2127659574468085,1,-0.7599538602187352,0.7464816725275182,1.4084600512775138,-0.2114250506987751,2,0,0.0,0.0,Active,,Active,0.0,0,0,0.08054201325879376,8.1%,0.10864292272581912,10.9%,Heuristic
Klay Thompson,DAL,Dallas Mavericks,Home,8.1,1.6,3.0,1.6,20.2,62.87128712871287,0.19753086419753088,1,-0.7599538602187352,0.7464816725275182,1.4084600512775138,-0.2114250506987751,2,0,0.0,0.0,Active,,Active,0.0,0,0,0.15154201325879374,15.2%,0.17788116806335527,17.8%,Heuristic
Max Christie,DAL,Dallas Mavericks,Home,12.7,2.7,2.4,2.9,30.4,59.21052631578948,0.21259842519685043,1,-0.7599538602187352,0.7464816725275182,1.4084600512775138,-0.2114250506987751,2,0,0.0,0.0,Active,,Active,0.0,0,0,0.22579201325879375,22.6%,0.30696787944665455,30.7%,Heuristic
Miles Kelly,DAL,Dallas Mavericks,Home,0.0,0.0,0.0,0.0,2.2,0.0,0.0,1,-0.7599538602187352,0.7464816725275182,1.4084600512775138,-0.2114250506987751,2,0,0.0,0.0,Active,,Active,0.0,0,0,0.0,~0%,0.0,~0%,Heuristic
Moussa Cisse,DAL,Dallas Mavericks,Home,1.3,0.0,0.7,0.0,6.1,32.786885245901644,0.0,1,-0.7599538602187352,0.7464816725275182,1.4084600512775138,-0.2114250506987751,2,0,0.0,0.0,Active,,Active,0.0,0,0,0.022667013258793764,2.3%,0.0,~0%,Heuristic
Naji Marshall,DAL,Dallas Mavericks,Home,7.1,0.3,3.3,1.7,23.3,51.931330472103,0.04225352112676056,1,-0.7599538602187352,0.7464816725275182,1.4084600512775138,-0.2114250506987751,2,0,0.0,0.0,Active,,Active,0.0,0,0,0.13741701325879377,13.7%,0.018450634243150073,1.8%,Heuristic
P.J. Washington,DAL,Dallas Mavericks,Home,15.9,1.1,8.3,2.9,34.1,79.47214076246334,0.06918238993710692,1,-0.7599538602187352,0.7464816725275182,1.4084600512775138,-0.2114250506987751,2,0,0.0,0.0,Active,,Active,0.0,0,0,0.31466701325879376,31.5%,0.11313041101700072,11.3%,Heuristic
Ryan Nembhard,DAL,Dallas Mavericks,Home,3.3,0.0,0.3,1.7,9.2,57.608695652173914,0.0,1,-0.7599538602187352,0.7464816725275182,1.4084600512775138,-0.2114250506987751,2,0,0.0,0.0,Active,,Active,0.0,0,0,0.05691701325879377,5.7%,0.0,~0%,Heuristic
Bryce McGowens,NOP,New Orleans Pelicans,Away,1.3,0.0,0.0,1.0,4.2,54.76190476190476,0.0,0,0.7464816725275182,-0.7599538602187352,-0.2114250506987751,1.4084600512775138,1,1,442.7,0.943,Active,,Active,0.0,0,0,0.022219646506592215,2.2%,0.0,~0%,Heuristic
DeAndre Jordan,NOP,New Orleans Pelicans,Away,4.5,0.0,5.0,0.0,11.7,81.19658119658119,0.0,0,0.7464816725275182,-0.7599538602187352,-0.2114250506987751,1.4084600512775138,1,1,442.7,0.943,Active,,Active,0.0,0,0,0.10296964650659221,10.3%,0.0,~0%,Heuristic
Derik Queen,NOP,New Orleans Pelicans,Away,8.0,0.0,5.3,1.1,17.5,82.28571428571428,0.0,0,0.7464816725275182,-0.7599538602187352,-0.2114250506987751,1.4084600512775138,1,1,442.7,0.943,Active,,Active,0.0,0,0,0.1644696465065922,16.4%,0.0,~0%,Heuristic
Herbert Jones,NOP,New Orleans Pelicans,Away,9.6,2.1,4.1,2.0,28.3,55.47703180212014,0.21875000000000003,0,0.7464816725275182,-0.7599538602187352,-0.2114250506987751,1.4084600512775138,1,1,442.7,0.943,Active,,Active,0.0,0,0,0.18521964650659223,18.5%,0.2535546798388017,25.4%,Heuristic
Hunter Dickinson,NOP,New Orleans Pelicans,Away,2.0,0.0,0.0,0.0,4.7,42.5531914893617,0.0,0,0.7464816725275182,-0.7599538602187352,-0.2114250506987751,1.4084600512775138,1,1,442.7,0.943,Active,,Active,0.0,0,0,0.031094646506592216,3.1%,0.0,~0%,Heuristic
Jeremiah Fears,NOP,New Orleans Pelicans,Away,13.3,1.1,2.6,3.3,25.2,76.19047619047619,0.08270676691729323,0,0.7464816725275182,-0.7599538602187352,-0.2114250506987751,1.4084600512775138,1,1,442.7,0.943,Active,,Active,0.0,0,0,0.23921964650659225,23.9%,0.1300858515179997,13.0%,Heuristic
Jordan Hawkins,NOP,New Orleans Pelicans,Away,3.2,0.5,1.8,0.7,13.6,41.911764705882355,0.15625,0,0.7464816725275182,-0.7599538602187352,-0.2114250506987751,1.4084600512775138,1,1,442.7,0.943,Active,,Active,0.0,0,0,0.06359464650659222,6.4%,0.06376301317213505,6.4%,Heuristic
Jordan Poole,NOP,New Orleans Pelicans,Away,17.3,2.9,1.7,3.4,30.3,73.92739273927393,0.1676300578034682,0,0.7464816725275182,-0.7599538602187352,-0.2114250506987751,1.4084600512775138,1,1,442.7,0.943,Questionable,Knee,Limited,0.5,0,1,0.1419512070906313,14.2%,0.16355770762959648,16.4%,Heuristic
Jose Alvarado,NOP,New Orleans Pelicans,Away,5.5,1.3,2.0,2.0,17.3,54.91329479768786,0.23636363636363636,0,0.7464816725275182,-0.7599538602187352,-0.2114250506987751,1.4084600512775138,1,1,442.7,0.943,Active,,Active,0.0,0,0,0.10546964650659221,10.5%,0.16110202832365017,16.1%,Heuristic
Karlo Matković,NOP,New Orleans Pelicans,Away,3.8,0.0,2.0,0.4,6.5,95.38461538461539,0.0,0,0.7464816725275182,-0.7599538602187352,-0.2114250506987751,1.4084600512775138,1,1,442.7,0.943,Active,,Active,0.0,0,0,0.07384464650659221,7.4%,0.0,~0%,Heuristic
Kevon Looney,NOP,New Orleans Pelicans,Away,1.5,0.0,3.5,2.0,15.7,44.5859872611465,0.0,0,0.7464816725275182,-0.7599538602187352,-0.2114250506987751,1.4084600512775138,1,1,442.7,0.943,Active,,Active,0.0,0,0,0.049844646506592226,5.0%,0.0,~0%,Heuristic
Micah Peavy,NOP,New Orleans Pelicans,Away,2.7,0.3,1.3,1.0,6.0,83.33333333333334,0.1111111111111111,0,0.7464816725275182,-0.7599538602187352,-0.2114250506987751,1.4084600512775138,1,1,442.7,0.943,Active,,Active,0.0,0,0,0.05309464650659222,5.3%,0.038172735394357275,3.8%,Heuristic
Saddiq Bey,NOP,New Orleans Pelicans,Away,9.6,1.7,3.4,1.1,24.1,58.50622406639003,0.17708333333333334,0,0.7464816725275182,-0.7599538602187352,-0.2114250506987751,1.4084600512775138,1,1,442.7,0.943,Active,,Active,0.0,0,0,0.1785946465065922,17.9%,0.2048046798388017,20.5%,Heuristic
Trey Murphy III,NOP,New Orleans Pelicans,Away,15.4,2.9,6.0,3.4,35.1,70.65527065527064,0.1883116883116883,0,0.7464816725275182,-0.7599538602187352,-0.2114250506987751,1.4084600512775138,1,1,442.7,0.943,Active,,Active,0.0,0,0,0.2948446465065922,29.5%,0.34536609758771936,34.5%,Heuristic
Yves Missi,NOP,New Orleans Pelicans,Away,7.8,0.0,6.6,1.4,23.2,68.10344827586206,0.0,0,0.7464816725275182,-0.7599538602187352,-0.2114250506987751,1.4084600512775138,1,1,442.7,0.943,Out,Illness,Out,1.0,1,0,0.0,~0%,0.0,~0%,Heuristic
Zion Williamson,NOP,New Orleans Pelicans,Away,22.8,0.0,6.8,4.6,31.5,108.57142857142858,0.0,0,0.7464816725275182,-0.7599538602187352,-0.2114250506987751,1.4084600512775138,1,1,442.7,0.943,Out,Hamstring,Out,1.0,1,0,0.0,~0%,0.0,~0%,Heuristic
Aaron Gordon,DEN,Denver Nuggets,Home,19.8,2.5,5.7,1.8,30.2,90.39735099337749,0.12626262626262627,1,-0.0434784239125921,0.4709141970251549,0.0678654841247231,-0.5512285347340314,2,0,0.0,0.0,Active,,Active,0.0,0,0,0.3611776611939371,36.1%,0.2862069430541691,28.6%,Heuristic
Bruce Brown,DEN,Denver Nuggets,Home,6.7,0.8,4.3,1.8,19.2,66.66666666666667,0.11940298507462686,1,-0.0434784239125921,0.4709141970251549,0.0678654841247231,-0.5512285347340314,2,0,0.0,0.0,Active,,Active,0.0,0,0,0.13955266119393708,14.0%,0.08753062766143581,8.8%,Heuristic
Cameron Johnson,DEN,Denver Nuggets,Home,8.5,1.0,3.2,1.5,27.3,48.35164835164834,0.11764705882352941,1,-0.0434784239125921,0.4709141970251549,0.0678654841247231,-0.5512285347340314,2,0,0.0,0.0,Active,,Active,0.0,0,0,0.1611776611939371,16.1%,0.11077616468221425,11.1%,Heuristic
Christian Braun,DEN,Denver Nuggets,Home,12.7,0.5,3.8,2.5,31.0,61.29032258064516,0.03937007874015748,1,-0.0434784239125921,0.4709141970251549,0.0678654841247231,-0.5512285347340314,2,0,0.0,0.0,Active,,Active,0.0,0,0,0.23567766119393702,23.6%,0.04852898234471233,4.9%,Heuristic
DaRon Holmes II,DEN,Denver Nuggets,Home,1.5,0.5,0.0,0.0,2.2,68.18181818181817,0.3333333333333333,1,-0.0434784239125921,0.4709141970251549,0.0678654841247231,-0.5512285347340314,2,0,0.0,0.0,Active,,Active,0.0,0,0,0.02367766119393708,2.4%,0.06322714507437112,6.3%,Heuristic
Hunter Tyson,DEN,Denver Nuggets,Home,0.0,0.0,2.5,0.0,3.6,69.44444444444444,0.0,1,-0.0434784239125921,0.4709141970251549,0.0678654841247231,-0.5512285347340314,2,0,0.0,0.0,Active,,Active,0.0,0,0,0.014927661193937078,1.5%,0.0,~0%,Heuristic
Jalen Pickett,DEN,Denver Nuggets,Home,3.3,0.3,0.7,1.0,5.5,90.9090909090909,0.09090909090909091,1,-0.0434784239125921,0.4709141970251549,0.0678654841247231,-0.5512285347340314,2,0,0.0,0.0,Active,,Active,0.0,0,0,0.05980266119393708,6.0%,0.027772599619825672,2.8%,Heuristic
Jamal Murray,DEN,Denver Nuggets,Home,24.2,2.2,5.0,5.7,33.5,104.17910447761194,0.09090909090909093,1,-0.0434784239125921,0.4709141970251549,0.0678654841247231,-0.5512285347340314,2,0,0.0,0.0,Probable,Calf,Limited,0.5,0,1,0.20807501406712012,20.8%,0.11848365148608386,11.8%,Heuristic
Jonas Valančiūnas,DEN,Denver Nuggets,Home,8.7,0.0,4.3,1.2,12.1,117.35537190082643,0.0,1,-0.0434784239125921,0.4709141970251549,0.0678654841247231,-0.5512285347340314,2,0,0.0,0.0,Active,,Active,0.0,0,0,0.17055266119393706,17.1%,0.0,~0%,Heuristic
Julian Strawther,DEN,Denver Nuggets,Home,3.3,0.5,1.0,0.5,5.6,85.71428571428572,0.15151515151515152,1,-0.0434784239125921,0.4709141970251549,0.0678654841247231,-0.5512285347340314,2,0,0.0,0.0,Probable,Back,Limited,0.5,0,1,0.02870313906712011,2.9%,0.025714712092144466,2.6%,Heuristic
Nikola Jokić,DEN,Denver Nuggets,Home,22.7,1.5,13.2,11.3,34.9,135.243553008596,0.06607929515418502,1,-0.0434784239125921,0.4709141970251549,0.0678654841247231,-0.5512285347340314,2,0,0.0,0.0,Active,,Active,0.0,0,0,0.47892766119393704,47.9%,0.16653110983208036,16.7%,Heuristic
Peyton Watson,DEN,Denver Nuggets,Home,6.0,0.3,2.7,1.7,20.3,51.23152709359605,0.049999999999999996,1,-0.0434784239125921,0.4709141970251549,0.0678654841247231,-0.5512285347340314,2,0,0.0,0.0,Active,,Active,0.0,0,0,0.11792766119393708,11.8%,0.025727145074371127,2.6%,Heuristic
Spencer Jones,DEN,Denver Nuggets,Home,0.5,0.0,0.3,0.0,3.8,21.05263157894737,0.0,1,-0.0434784239125921,0.4709141970251549,0.0678654841247231,-0.5512285347340314,2,0,0.0,0.0,Active,,Active,0.0,0,0,0.009302661193937077,0.9%,0.0,~0%,Heuristic
Tim Hardaway Jr.,DEN,Denver Nuggets,Home,10.2,2.2,1.3,1.3,23.1,55.41125541125541,0.21568627450980396,1,-0.0434784239125921,0.4709141970251549,0.0678654841247231,-0.5512285347340314,2,0,0.0,0.0,Active,,Active,0.0,0,0,0.17642766119393707,17.6%,0.25567812546652796,25.6%,Heuristic
Zeke Nnaji,DEN,Denver Nuggets,Home,2.0,0.0,0.3,0.3,3.5,74.28571428571428,0.0,1,-0.0434784239125921,0.4709141970251549,0.0678654841247231,-0.5512285347340314,2,0,0.0,0.0,Active,,Active,0.0,0,0,0.03442766119393707,3.4%,0.0,~0%,Heuristic
Andrew Wiggins,MIA,Miami Heat,Away,16.3,1.6,5.0,1.9,31.5,73.65079365079364,0.09815950920245399,0,0.4709141970251549,-0.0434784239125921,-0.5512285347340314,0.0678654841247231,2,0,1725.7,1.726,Active,,Active,0.0,0,0,0.30124363352245365,30.1%,0.18403160272460417,18.4%,Heuristic
Bam Adebayo,MIA,Miami Heat,Away,22.4,2.3,9.1,3.3,33.6,103.57142857142856,0.10267857142857142,0,0.4709141970251549,-0.0434784239125921,-0.5512285347340314,0.0678654841247231,2,0,1725.7,1.726,Active,,Active,0.0,0,0,0.4294936335224535,42.9%,0.2659242225025767,26.6%,Heuristic
Davion Mitchell,MIA,Miami Heat,Away,8.9,1.0,2.6,7.7,29.0,66.20689655172414,0.11235955056179775,0,0.4709141970251549,-0.0434784239125921,-0.5512285347340314,0.0678654841247231,2,0,1725.7,1.726,Active,,Active,0.0,0,0,0.18049363352245365,18.0%,0.11474160479257134,11.5%,Heuristic
Dru Smith,MIA,Miami Heat,Away,5.4,0.9,1.4,3.9,16.9,63.313609467455635,0.16666666666666666,0,0.4709141970251549,-0.0434784239125921,-0.5512285347340314,0.0678654841247231,2,0,1725.7,1.726,Active,,Active,0.0,0,0,0.10661863352245364,10.7%,0.10579029393114814,10.6%,Heuristic
Jahmir Young,MIA,Miami Heat,Away,1.0,0.0,0.5,1.0,4.8,52.083333333333336,0.0,0,0.4709141970251549,-0.0434784239125921,-0.5512285347340314,0.0678654841247231,2,0,1725.7,1.726,Active,,Active,0.0,0,0,0.022243633522453628,2.2%,0.0,~0%,Heuristic
Jaime Jaquez Jr.,MIA,Miami Heat,Away,16.9,0.3,6.7,4.6,29.5,95.59322033898303,0.01775147928994083,0,0.4709141970251549,-0.0434784239125921,-0.5512285347340314,0.0678654841247231,2,0,1725.7,1.726,Active,,Active,0.0,0,0,0.32836863352245366,32.8%,0.02834453456231184,2.8%,Heuristic
Kel'el Ware,MIA,Miami Heat,Away,9.7,1.1,6.6,0.7,19.3,88.08290155440413,0.11340206185567012,0,0.4709141970251549,-0.0434784239125921,-0.5512285347340314,0.0678654841247231,2,0,1725.7,1.726,Active,,Active,0.0,0,0,0.20099363352245364,20.1%,0.12646039702393164,12.6%,Heuristic
Keshad Johnson,MIA,Miami Heat,Away,3.5,0.5,1.5,0.0,5.2,96.15384615384615,0.14285714285714285,0,0.4709141970251549,-0.0434784239125921,-0.5512285347340314,0.0678654841247231,2,0,1725.7,1.726,Active,,Active,0.0,0,0,0.06661863352245362,6.7%,0.05793315107400528,5.8%,Heuristic
Myron Gardner,MIA,Miami Heat,Away,3.0,1.0,1.0,1.0,2.7,185.18518518518516,0.3333333333333333,0,0.4709141970251549,-0.0434784239125921,-0.5512285347340314,0.0678654841247231,2,0,1725.7,1.726,Active,,Active,0.0,0,0,0.057868633522453625,5.8%,0.12579029393114813,12.6%,Heuristic
Nikola Jović,MIA,Miami Heat,Away,8.7,1.3,4.0,2.6,21.6,70.83333333333333,0.14942528735632185,0,0.4709141970251549,-0.0434784239125921,-0.5512285347340314,0.0678654841247231,2,0,1725.7,1.726,Active,,Active,0.0,0,0,0.17324363352245362,17.3%,0.15159489163229753,15.2%,Heuristic
Norman Powell,MIA,Miami Heat,Away,23.3,2.8,6.0,2.8,30.3,105.94059405940595,0.12017167381974247,0,0.4709141970251549,-0.0434784239125921,-0.5512285347340314,0.0678654841247231,2,0,1725.7,1.726,Active,,Active,0.0,0,0,0.4234936335224537,42.3%,0.32513221095546857,32.5%,Heuristic
Pelle Larsson,MIA,Miami Heat,Away,7.9,1.1,2.3,2.1,17.6,69.88636363636363,0.13924050632911392,0,0.4709141970251549,-0.0434784239125921,-0.5512285347340314,0.0678654841247231,2,0,1725.7,1.726,Active,,Active,0.0,0,0,0.14836863352245366,14.8%,0.12775231924760383,12.8%,Heuristic
Simone Fontecchio,MIA,Miami Heat,Away,12.7,2.9,2.6,1.3,20.4,81.37254901960785,0.2283464566929134,0,0.4709141970251549,-0.0434784239125921,-0.5512285347340314,0.0678654841247231,2,0,1725.7,1.726,Active,,Active,0.0,0,0,0.22624363352245364,22.6%,0.34220761676579375,34.2%,Heuristic
Austin Reaves,LAL,Los Angeles Lakers,Home,31.1,3.0,5.1,9.3,37.8,120.37037037037037,0.09646302250803858,1,0.2688313816567535,-0.6129845399508086,-1.6590809895339047,-0.005448281266445,2,0,0.0,0.0,Out,Groin,Out,1.0,1,0,0.0,~0%,0.0,~0%,Heuristic
Bronny James,LAL,Los Angeles Lakers,Home,1.4,0.2,0.8,2.2,13.1,33.58778625954199,0.14285714285714288,1,0.2688313816567535,-0.6129845399508086,-1.6590809895339047,-0.005448281266445,2,0,0.0,0.0,Active,,Active,0.0,0,0,0.03468830912908039,3.5%,0.04580080397496069,4.6%,Heuristic
Chris Mañon,LAL,Los Angeles Lakers,Home,0.0,0.0,1.0,0.0,3.5,28.57142857142857,0.0,1,0.2688313816567535,-0.6129845399508086,-1.6590809895339047,-0.005448281266445,2,0,0.0,0.0,Active,,Active,0.0,0,0,0.007688309129080394,0.8%,0.015324613498770213,1.5%,Heuristic
Christian Koloko,LAL,Los Angeles Lakers,Home,0.0,0.0,0.5,0.0,3.2,15.625,0.0,1,0.2688313816567535,-0.6129845399508086,-1.6590809895339047,-0.005448281266445,2,0,0.0,0.0,Active,,Active,0.0,0,0,0.0045633091290803954,0.5%,0.015324613498770213,1.5%,Heuristic
Dalton Knecht,LAL,Los Angeles Lakers,Home,7.0,0.7,1.7,0.6,18.7,49.73262032085562,0.09999999999999999,1,0.2688313816567535,-0.6129845399508086,-1.6590809895339047,-0.005448281266445,2,0,0.0,0.0,Active,,Active,0.0,0,0,0.12731330912908037,12.7%,0.10199128016543686,10.2%,Heuristic
Deandre Ayton,LAL,Los Angeles Lakers,Home,16.9,0.0,8.1,1.3,31.3,84.02555910543131,0.0,1,0.2688313816567535,-0.6129845399508086,-1.6590809895339047,-0.005448281266445,2,0,0.0,0.0,Active,,Active,0.0,0,0,0.32993830912908045,33.0%,0.015324613498770213,1.5%,Heuristic
Gabe Vincent,LAL,Los Angeles Lakers,Home,3.7,0.7,1.0,2.3,23.9,29.288702928870297,0.18918918918918917,1,0.2688313816567535,-0.6129845399508086,-1.6590809895339047,-0.005448281266445,2,0,0.0,0.0,Out,Ankle,Out,1.0,1,0,0.0,~0%,0.0,~0%,Heuristic
Jake LaRavia,LAL,Los Angeles Lakers,Home,12.6,1.5,5.1,3.0,29.6,69.93243243243242,0.11904761904761905,1,0.2688313816567535,-0.6129845399508086,-1.6590809895339047,-0.005448281266445,2,0,0.0,0.0,Active,,Active,0.0,0,0,0.24556330912908045,24.6%,0.19627699445115113,19.6%,Heuristic
Jarred Vanderbilt,LAL,Los Angeles Lakers,Home,4.8,0.0,5.9,1.5,19.7,61.92893401015228,0.0,1,0.2688313816567535,-0.6129845399508086,-1.6590809895339047,-0.005448281266445,2,0,0.0,0.0,Active,,Active,0.0,0,0,0.1200633091290804,12.0%,0.015324613498770213,1.5%,Heuristic
Jaxson Hayes,LAL,Los Angeles Lakers,Home,5.4,0.2,4.6,2.0,19.1,62.82722513089005,0.037037037037037035,1,0.2688313816567535,-0.6129845399508086,-1.6590809895339047,-0.005448281266445,2,0,0.0,0.0,Active,,Active,0.0,0,0,0.1229383091290804,12.3%,0.0405097986839554,4.1%,Heuristic
Luka Dončić,LAL,Los Angeles Lakers,Home,41.3,3.5,11.5,8.3,38.3,159.53002610966055,0.08474576271186442,1,0.2688313816567535,-0.6129845399508086,-1.6590809895339047,-0.005448281266445,2,0,0.0,0.0,Active,,Active,0.0,0,0,0.7651883091290803,76.5%,0.4278952349676967,42.8%,Heuristic
Marcus Smart,LAL,Los Angeles Lakers,Home,9.2,1.0,1.8,3.2,27.9,50.89605734767025,0.10869565217391305,1,0.2688313816567535,-0.6129845399508086,-1.6590809895339047,-0.005448281266445,2,0,0.0,0.0,Active,,Active,0.0,0,0,0.1701883091290804,17.0%,0.13742606277413252,13.7%,Heuristic
Nick Smith Jr.,LAL,Los Angeles Lakers,Home,11.3,2.0,1.7,3.3,19.0,85.78947368421052,0.17699115044247787,1,0.2688313816567535,-0.6129845399508086,-1.6590809895339047,-0.005448281266445,2,0,0.0,0.0,Active,,Active,0.0,0,0,0.20393830912908043,20.4%,0.2575075043542274,25.8%,Heuristic
Rui Hachimura,LAL,Los Angeles Lakers,Home,16.9,1.9,4.1,1.8,36.0,63.33333333333333,0.11242603550295859,1,0.2688313816567535,-0.6129845399508086,-1.6590809895339047,-0.005448281266445,2,0,0.0,0.0,Active,,Active,0.0,0,0,0.3061883091290804,30.6%,0.24261258194058477,24.3%,Heuristic
Bismack Biyombo,SAS,San Antonio Spurs,Away,0.4,0.0,1.0,0.4,8.8,20.45454545454545,0.0,0,-0.6129845399508086,0.2688313816567535,-0.005448281266445,-1.6590809895339047,3,0,1205.7,1.206,Active,,Active,0.0,0,0,0.011278499423052039,1.1%,0.0,~0%,Heuristic
Carter Bryant,SAS,San Antonio Spurs,Away,3.0,0.4,0.8,0.0,7.6,50.0,0.13333333333333333,0,-0.6129845399508086,0.2688313816567535,-0.005448281266445,-1.6590809895339047,3,0,1205.7,1.206,Active,,Active,0.0,0,0,0.05127849942305205,5.1%,0.040582548791914495,4.1%,Heuristic
David Jones Garcia,SAS,San Antonio Spurs,Away,3.0,0.0,1.0,1.3,3.6,147.2222222222222,0.0,0,-0.6129845399508086,0.2688313816567535,-0.005448281266445,-1.6590809895339047,3,0,1205.7,1.206,Active,,Active,0.0,0,0,0.05577849942305204,5.6%,0.0,~0%,Heuristic
Devin Vassell,SAS,San Antonio Spurs,Away,14.7,2.8,4.3,2.3,34.2,62.28070175438596,0.19047619047619047,0,-0.6129845399508086,0.2688313816567535,-0.005448281266445,-1.6590809895339047,3,0,1205.7,1.206,Active,,Active,0.0,0,0,0.269028499423052,26.9%,0.3234396916490573,32.3%,Heuristic
Dylan Harper,SAS,San Antonio Spurs,Away,14.0,0.8,4.0,3.8,23.4,93.16239316239317,0.05714285714285715,0,-0.6129845399508086,0.2688313816567535,-0.005448281266445,-1.6590809895339047,3,0,1205.7,1.206,Out,Calf,Out,1.0,1,0,0.0,~0%,0.0,~0%,Heuristic
Harrison Barnes,SAS,San Antonio Spurs,Away,9.8,1.8,2.0,2.7,30.0,48.333333333333336,0.18367346938775508,0,-0.6129845399508086,0.2688313816567535,-0.005448281266445,-1.6590809895339047,3,0,1205.7,1.206,Active,,Active,0.0,0,0,0.17602849942305204,17.6%,0.20643288892796888,20.6%,Heuristic
Harrison Ingram,SAS,San Antonio Spurs,Away,1.7,0.3,1.0,0.0,3.6,75.0,0.17647058823529413,0,-0.6129845399508086,0.2688313816567535,-0.005448281266445,-1.6590809895339047,3,0,1205.7,1.206,Active,,Active,0.0,0,0,0.03140349942305203,3.1%,0.031072744870345868,3.1%,Heuristic
Jordan McLaughlin,SAS,San Antonio Spurs,Away,3.2,0.7,0.7,1.5,10.3,52.42718446601942,0.21874999999999997,0,-0.6129845399508086,0.2688313816567535,-0.005448281266445,-1.6590809895339047,3,0,1205.7,1.206,Active,,Active,0.0,0,0,0.057653499423052035,5.8%,0.07985338212524783,8.0%,Heuristic
Julian Champagnie,SAS,San Antonio Spurs,Away,7.5,1.2,6.2,1.8,29.3,52.901023890784984,0.16,0,-0.6129845399508086,0.2688313816567535,-0.005448281266445,-1.6590809895339047,3,0,1205.7,1.206,Active,,Active,0.0,0,0,0.16265349942305202,16.3%,0.13524921545858118,13.5%,Heuristic
Keldon Johnson,SAS,San Antonio Spurs,Away,13.0,1.2,5.3,1.2,24.1,80.91286307053942,0.0923076923076923,0,-0.6129845399508086,0.2688313816567535,-0.005448281266445,-1.6590809895339047,3,0,1205.7,1.206,Active,,Active,0.0,0,0,0.24490349942305203,24.5%,0.13186460007396578,13.2%,Heuristic
Luke Kornet,SAS,San Antonio Spurs,Away,8.0,0.0,8.0,3.5,25.2,77.38095238095238,0.0,0,-0.6129845399508086,0.2688313816567535,-0.005448281266445,-1.6590809895339047,3,0,1205.7,1.206,Out,Ankle,Out,1.0,1,0,0.0,~0%,0.0,~0%,Heuristic
Riley Minix,SAS,San Antonio Spurs,Away,3.0,0.3,0.7,0.3,2.8,142.85714285714286,0.09999999999999999,0,-0.6129845399508086,0.2688313816567535,-0.005448281266445,-1.6590809895339047,3,0,1205.7,1.206,Active,,Active,0.0,0,0,0.051403499423052036,5.1%,0.027249215458581163,2.7%,Heuristic
Stephon Castle,SAS,San Antonio Spurs,Away,20.0,1.5,6.2,5.3,32.0,98.4375,0.075,0,-0.6129845399508086,0.2688313816567535,-0.005448281266445,-1.6590809895339047,3,0,1205.7,1.206,Active,,Active,0.0,0,0,0.37452849942305205,37.5%,0.16599921545858112,16.6%,Heuristic
Victor Wembanyama,SAS,San Antonio Spurs,Away,26.7,1.0,13.7,3.2,33.9,128.61356932153393,0.03745318352059925,0,-0.6129845399508086,0.2688313816567535,-0.005448281266445,-1.6590809895339047,3,0,1205.7,1.206,Active,,Active,0.0,0,0,0.5250284994230521,52.5%,0.1057885413012778,10.6%,Heuristic
Blake Wesley,POR,Portland Trail Blazers,Home,6.0,0.3,2.3,3.2,16.3,70.5521472392638,0.049999999999999996,1,-0.7599538602187352,-0.7599538602187352,-1.422847745495697,0.1795816980541219,2,0,0.0,0.0,Out,Foot,Out,1.0,1,0,0.0,~0%,0.0,~0%,Heuristic
Caleb Love,POR,Portland Trail Blazers,Home,3.3,0.7,2.7,2.0,8.7,91.95402298850576,0.21212121212121213,1,-0.7599538602187352,-0.7599538602187352,-1.422847745495697,0.1795816980541219,2,0,0.0,0.0,Active,,Active,0.0,0,0,0.0745500576747266,7.5%,0.11127157377819565,11.1%,Heuristic
Deni Avdija,POR,Portland Trail Blazers,Home,24.1,2.4,6.0,3.9,32.9,103.34346504559271,0.0995850622406639,1,-0.7599538602187352,-0.7599538602187352,-1.422847745495697,0.1795816980541219,2,0,0.0,0.0,Active,,Active,0.0,0,0,0.43792505767472656,43.8%,0.30397809961750155,30.4%,Heuristic
Donovan Clingan,POR,Portland Trail Blazers,Home,8.4,0.6,9.1,1.9,24.5,79.18367346938776,0.07142857142857142,1,-0.7599538602187352,-0.7599538602187352,-1.422847745495697,0.1795816980541219,2,0,0.0,0.0,Active,,Active,0.0,0,0,0.1971750576747266,19.7%,0.09257027507689695,9.3%,Heuristic
Duop Reath,POR,Portland Trail Blazers,Home,3.0,1.0,0.3,0.5,6.0,63.33333333333333,0.3333333333333333,1,-0.7599538602187352,-0.7599538602187352,-1.422847745495697,0.1795816980541219,2,0,0.0,0.0,Active,,Active,0.0,0,0,0.05092505767472658,5.1%,0.1523321798388017,15.2%,Heuristic
Jerami Grant,POR,Portland Trail Blazers,Home,20.3,2.4,3.0,1.6,28.6,87.06293706293707,0.11822660098522167,1,-0.7599538602187352,-0.7599538602187352,-1.422847745495697,0.1795816980541219,2,0,0.0,0.0,Active,,Active,0.0,0,0,0.3516750576747266,35.2%,0.30491017655472946,30.5%,Heuristic
Jrue Holiday,POR,Portland Trail Blazers,Home,16.7,2.1,4.7,8.3,32.8,90.54878048780488,0.125748502994012,1,-0.7599538602187352,-0.7599538602187352,-1.422847745495697,0.1795816980541219,2,0,0.0,0.0,Active,,Active,0.0,0,0,0.3205500576747266,32.1%,0.270286271655169,27.0%,Heuristic
Kris Murray,POR,Portland Trail Blazers,Home,6.3,0.5,2.5,0.8,23.1,41.55844155844156,0.07936507936507936,1,-0.7599538602187352,-0.7599538602187352,-1.422847745495697,0.1795816980541219,2,0,0.0,0.0,Active,,Active,0.0,0,0,0.11905005767472657,11.9%,0.08130043380705569,8.1%,Heuristic
Matisse Thybulle,POR,Portland Trail Blazers,Home,5.0,1.0,1.0,0.8,12.2,55.73770491803279,0.2,1,-0.7599538602187352,-0.7599538602187352,-1.422847745495697,0.1795816980541219,2,0,0.0,0.0,Out,Thumb,Out,1.0,1,0,0.0,~0%,0.0,~0%,Heuristic
Rayan Rupert,POR,Portland Trail Blazers,Home,1.3,0.3,1.3,0.5,6.3,49.20634920634921,0.23076923076923075,1,-0.7599538602187352,-0.7599538602187352,-1.422847745495697,0.1795816980541219,2,0,0.0,0.0,Active,,Active,0.0,0,0,0.02955005767472658,3.0%,0.06553730804392992,6.6%,Heuristic
Robert Williams III,POR,Portland Trail Blazers,Home,5.0,0.0,3.5,1.5,12.9,77.51937984496124,0.0,1,-0.7599538602187352,-0.7599538602187352,-1.422847745495697,0.1795816980541219,2,0,0.0,0.0,Active,,Active,0.0,0,0,0.10592505767472657,10.6%,0.01899884650546838,1.9%,Heuristic
Shaedon Sharpe,POR,Portland Trail Blazers,Home,18.1,1.9,4.7,1.6,27.3,89.37728937728939,0.10497237569060772,1,-0.7599538602187352,-0.7599538602187352,-1.422847745495697,0.1795816980541219,2,0,0.0,0.0,Probable,Calf,Limited,0.5,0,1,0.15511127739549513,15.5%,0.11680921267941607,11.7%,Heuristic
Sidy Cissoko,POR,Portland Trail Blazers,Home,2.5,0.0,1.0,1.0,7.5,60.0,0.0,1,-0.7599538602187352,-0.7599538602187352,-1.422847745495697,0.1795816980541219,2,0,0.0,0.0,Active,,Active,0.0,0,0,0.04842505767472658,4.8%,0.01899884650546838,1.9%,Heuristic
Toumani Camara,POR,Portland Trail Blazers,Home,11.9,1.9,5.0,3.4,32.4,62.65432098765431,0.15966386554621848,1,-0.7599538602187352,-0.7599538602187352,-1.422847745495697,0.1795816980541219,2,0,0.0,0.0,Active,,Active,0.0,0,0,0.23217505767472657,23.2%,0.24864870644944595,24.9%,Heuristic
Yang Hansen,POR,Portland Trail Blazers,Home,1.8,0.0,0.8,0.0,5.8,44.827586206896555,0.0,1,-0.7599538602187352,-0.7599538602187352,-1.422847745495697,0.1795816980541219,2,0,0.0,0.0,Active,,Active,0.0,0,0,0.03330005767472658,3.3%,0.01899884650546838,1.9%,Heuristic
Aaron Wiggins,OKC,Oklahoma City Thunder,Away,13.3,2.3,3.9,2.3,27.6,70.65217391304347,0.17293233082706766,0,-0.7599538602187352,-0.7599538602187352,0.1795816980541219,-1.422847745495697,1,1,1484.6,1.985,Active,,Active,0.0,0,0,0.2405575576747266,24.1%,0.2693871297134884,26.9%,Heuristic
Ajay Mitchell,OKC,Oklahoma City Thunder,Away,16.1,1.3,3.6,3.5,26.6,87.21804511278197,0.08074534161490683,0,-0.7599538602187352,-0.7599538602187352,0.1795816980541219,-1.422847745495697,1,1,1484.6,1.985,Active,,Active,0.0,0,0,0.2871825576747266,28.7%,0.1481111135862137,14.8%,Heuristic
Alex Caruso,OKC,Oklahoma City Thunder,Away,6.4,1.6,1.8,2.2,21.3,48.826291079812215,0.25,0,-0.7599538602187352,-0.7599538602187352,0.1795816980541219,-1.422847745495697,1,1,1484.6,1.985,Active,,Active,0.0,0,0,0.11505755767472656,11.5%,0.19157384650546835,19.2%,Heuristic
Branden Carlson,OKC,Oklahoma City Thunder,Away,3.0,0.3,1.5,0.3,5.6,85.71428571428572,0.09999999999999999,0,-0.7599538602187352,-0.7599538602187352,0.1795816980541219,-1.422847745495697,1,1,1484.6,1.985,Active,,Active,0.0,0,0,0.05318255767472659,5.3%,0.032407179838801724,3.2%,Heuristic
Brooks Barnhizer,OKC,Oklahoma City Thunder,Away,1.3,0.0,1.5,0.2,7.9,37.974683544303794,0.0,0,-0.7599538602187352,-0.7599538602187352,0.1795816980541219,-1.422847745495697,1,1,1484.6,1.985,Active,,Active,0.0,0,0,0.02530755767472658,2.5%,0.0,~0%,Heuristic
Cason Wallace,OKC,Oklahoma City Thunder,Away,9.4,1.9,3.4,3.0,29.3,53.92491467576792,0.20212765957446807,0,-0.7599538602187352,-0.7599538602187352,0.1795816980541219,-1.422847745495697,1,1,1484.6,1.985,Active,,Active,0.0,0,0,0.17580755767472656,17.6%,0.22418022948419172,22.4%,Heuristic
Chet Holmgren,OKC,Oklahoma City Thunder,Away,20.6,2.0,9.2,2.0,33.4,95.20958083832336,0.0970873786407767,0,-0.7599538602187352,-0.7599538602187352,0.1795816980541219,-1.422847745495697,1,1,1484.6,1.985,Active,,Active,0.0,0,0,0.3915575576747266,39.2%,0.23059488210417387,23.1%,Heuristic
Chris Youngblood,OKC,Oklahoma City Thunder,Away,1.9,0.4,0.6,0.1,4.6,56.52173913043479,0.2105263157894737,0,-0.7599538602187352,-0.7599538602187352,0.1795816980541219,-1.422847745495697,1,1,1484.6,1.985,Active,,Active,0.0,0,0,0.02918255767472657,2.9%,0.049600162294942074,5.0%,Heuristic
Isaiah Hartenstein,OKC,Oklahoma City Thunder,Away,10.8,0.0,10.9,3.5,29.8,84.56375838926175,0.0,0,-0.7599538602187352,-0.7599538602187352,0.1795816980541219,-1.422847745495697,1,1,1484.6,1.985,Active,,Active,0.0,0,0,0.2466825576747266,24.7%,0.0,~0%,Heuristic
Isaiah Joe,OKC,Oklahoma City Thunder,Away,18.3,4.7,4.7,0.7,24.2,97.93388429752066,0.2568306010928962,0,-0.7599538602187352,-0.7599538602187352,0.1795816980541219,-1.422847745495697,1,1,1484.6,1.985,Active,,Active,0.0,0,0,0.32280755767472663,32.3%,0.5535820432267798,55.4%,Heuristic
Jaylin Williams,OKC,Oklahoma City Thunder,Away,5.4,1.3,4.3,2.0,17.4,67.24137931034483,0.24074074074074073,0,-0.7599538602187352,-0.7599538602187352,0.1795816980541219,-1.422847745495697,1,1,1484.6,1.985,Active,,Active,0.0,0,0,0.11393255767472657,11.4%,0.1561108835425054,15.6%,Heuristic
Luguentz Dort,OKC,Oklahoma City Thunder,Away,7.1,1.0,5.0,1.6,31.8,43.081761006289305,0.14084507042253522,0,-0.7599538602187352,-0.7599538602187352,0.1795816980541219,-1.422847745495697,1,1,1484.6,1.985,Questionable,Shoulder,Limited,0.5,0,1,0.06884296489549512,6.9%,0.05515514751263268,5.5%,Heuristic
Ousmane Dieng,OKC,Oklahoma City Thunder,Away,1.0,0.2,0.8,0.4,7.4,29.72972972972973,0.2,0,-0.7599538602187352,-0.7599538602187352,0.1795816980541219,-1.422847745495697,1,1,1484.6,1.985,Active,,Active,0.0,0,0,0.016557557674726588,1.7%,0.025740513172135045,2.6%,Heuristic
Shai Gilgeous-Alexander,OKC,Oklahoma City Thunder,Away,33.1,1.9,5.0,6.6,35.1,127.35042735042737,0.057401812688821746,0,-0.7599538602187352,-0.7599538602187352,0.1795816980541219,-1.422847745495697,1,1,1484.6,1.985,Active,,Active,0.0,0,0,0.5799325576747266,58.0%,0.21694393713990945,21.7%,Heuristic
Dario Šarić,SAC,Sacramento Kings,Home,1.7,0.3,1.7,0.7,9.2,44.565217391304344,0.17647058823529413,1,-0.466015219682882,-0.300674734381463,-0.3964550300193421,0.8498789816305173,2,0,0.0,0.0,Active,,Active,0.0,0,0,0.03921080536876963,3.9%,0.05134039777130128,5.1%,Heuristic
DeMar DeRozan,SAC,Sacramento Kings,Home,20.4,0.4,4.1,4.1,37.0,77.29729729729729,0.019607843137254905,1,-0.466015219682882,-0.300674734381463,-0.3964550300193421,0.8498789816305173,2,0,0.0,0.0,Active,,Active,0.0,0,0,0.3665858053687696,36.7%,0.05516392718306598,5.5%,Heuristic
Dennis Schröder,SAC,Sacramento Kings,Home,14.9,1.4,3.4,6.9,32.8,76.82926829268294,0.09395973154362415,1,-0.466015219682882,-0.300674734381463,-0.3964550300193421,0.8498789816305173,2,0,0.0,0.0,Active,,Active,0.0,0,0,0.2798358053687696,28.0%,0.17554818827005111,17.6%,Heuristic
Devin Carter,SAC,Sacramento Kings,Home,1.0,0.0,0.8,0.5,6.8,33.8235294117647,0.0,1,-0.466015219682882,-0.300674734381463,-0.3964550300193421,0.8498789816305173,2,0,0.0,0.0,Active,,Active,0.0,0,0,0.021710805368769626,2.2%,0.007516868359536576,0.8%,Heuristic
Domantas Sabonis,SAC,Sacramento Kings,Home,14.5,0.3,14.2,4.0,34.6,94.50867052023122,0.020689655172413793,1,-0.466015219682882,-0.300674734381463,-0.3964550300193421,0.8498789816305173,2,0,0.0,0.0,Questionable,Ribs,Limited,0.5,0,1,0.15845325755016557,15.8%,0.020686891781124695,2.1%,Heuristic
Drew Eubanks,SAC,Sacramento Kings,Home,4.1,0.0,2.6,0.3,12.6,55.55555555555555,0.0,1,-0.466015219682882,-0.300674734381463,-0.3964550300193421,0.8498789816305173,2,0,0.0,0.0,Active,,Active,0.0,0,0,0.08283580536876962,8.3%,0.007516868359536576,0.8%,Heuristic
Dylan Cardwell,SAC,Sacramento Kings,Home,1.7,0.0,1.7,0.0,10.8,31.481481481481477,0.0,1,-0.466015219682882,-0.300674734381463,-0.3964550300193421,0.8498789816305173,2,0,0.0,0.0,Active,,Active,0.0,0,0,0.037460805368769626,3.7%,0.007516868359536576,0.8%,Heuristic
Isaac Jones,SAC,Sacramento Kings,Home,1.0,0.0,0.7,0.3,5.6,35.714285714285715,0.0,1,-0.466015219682882,-0.300674734381463,-0.3964550300193421,0.8498789816305173,2,0,0.0,0.0,Active,,Active,0.0,0,0,0.02058580536876962,2.1%,0.007516868359536576,0.8%,Heuristic
Keon Ellis,SAC,Sacramento Kings,Home,8.1,1.7,1.9,0.6,19.9,53.266331658291456,0.20987654320987656,1,-0.466015219682882,-0.300674734381463,-0.3964550300193421,0.8498789816305173,2,0,0.0,0.0,Active,,Active,0.0,0,0,0.1442108053687696,14.4%,0.2163440288533637,21.6%,Heuristic
Malik Monk,SAC,Sacramento Kings,Home,15.6,2.6,1.2,2.4,25.2,76.19047619047619,0.16666666666666669,1,-0.466015219682882,-0.300674734381463,-0.3964550300193421,0.8498789816305173,2,0,0.0,0.0,Active,,Active,0.0,0,0,0.2662108053687696,26.6%,0.3191835350262032,31.9%,Heuristic
Maxime Raynaud,SAC,Sacramento Kings,Home,0.0,0.0,2.5,1.0,7.7,45.45454545454545,0.0,1,-0.466015219682882,-0.300674734381463,-0.3964550300193421,0.8498789816305173,2,0,0.0,0.0,Active,,Active,0.0,0,0,0.017335805368769625,1.7%,0.007516868359536576,0.8%,Heuristic
Nique Clifford,SAC,Sacramento Kings,Home,3.3,0.0,4.0,1.7,19.4,46.391752577319586,0.0,1,-0.466015219682882,-0.300674734381463,-0.3964550300193421,0.8498789816305173,2,0,0.0,0.0,Active,,Active,0.0,0,0,0.08208580536876962,8.2%,0.007516868359536576,0.8%,Heuristic
Russell Westbrook,SAC,Sacramento Kings,Home,13.9,1.9,5.9,5.0,27.6,89.85507246376811,0.13669064748201437,1,-0.466015219682882,-0.300674734381463,-0.3964550300193421,0.8498789816305173,2,0,0.0,0.0,Active,,Active,0.0,0,0,0.2744608053687696,27.4%,0.23601806740030395,23.6%,Heuristic
Zach LaVine,SAC,Sacramento Kings,Home,27.4,3.3,3.4,2.0,36.9,88.88888888888889,0.12043795620437957,1,-0.466015219682882,-0.300674734381463,-0.3964550300193421,0.8498789816305173,2,0,0.0,0.0,Questionable,Back,Limited,0.5,0,1,0.22358763255016553,22.4%,0.18930591393063384,18.9%,Heuristic
Al Horford,GSW,Golden State Warriors,Away,5.4,1.0,4.0,1.2,21.0,50.476190476190474,0.18518518518518517,0,-0.300674734381463,-0.466015219682882,0.8498789816305173,-0.3964550300193421,1,1,74.0,0.574,Active,,Active,0.0,0,0,0.11154383218864994,11.2%,0.1180396397513313,11.8%,Heuristic
Brandin Podziemski,GSW,Golden State Warriors,Away,12.4,1.8,4.4,2.9,29.1,67.6975945017182,0.14516129032258066,0,-0.300674734381463,-0.466015219682882,0.8498789816305173,-0.3964550300193421,1,1,74.0,0.574,Questionable,Wrist,Limited,0.5,0,1,0.1102208202896087,11.0%,0.09945159471222884,9.9%,Heuristic
Buddy Hield,GSW,Golden State Warriors,Away,7.5,1.5,1.5,1.6,17.2,61.627906976744185,0.2,0,-0.300674734381463,-0.466015219682882,0.8498789816305173,-0.3964550300193421,1,1,74.0,0.574,Active,,Active,0.0,0,0,0.13104383218864996,13.1%,0.17711371382540533,17.7%,Heuristic
Draymond Green,GSW,Golden State Warriors,Away,8.0,1.5,6.1,6.4,29.6,69.25675675675676,0.1875,0,-0.300674734381463,-0.466015219682882,0.8498789816305173,-0.3964550300193421,1,1,74.0,0.574,Questionable,Ribs,Limited,0.5,0,1,0.08546144528960872,8.5%,0.08383213906706752,8.4%,Heuristic
Gary Payton II,GSW,Golden State Warriors,Away,2.3,0.0,2.0,0.6,8.4,58.33333333333333,0.0,0,-0.300674734381463,-0.466015219682882,0.8498789816305173,-0.3964550300193421,1,1,74.0,0.574,Active,,Active,0.0,0,0,0.04716883218864994,4.7%,0.0,~0%,Heuristic
Gui Santos,GSW,Golden State Warriors,Away,1.9,0.4,0.9,0.3,6.1,50.81967213114754,0.2105263157894737,0,-0.300674734381463,-0.466015219682882,0.8498789816305173,-0.3964550300193421,1,1,74.0,0.574,Active,,Active,0.0,0,0,0.033043832188649945,3.3%,0.049306696281545735,4.9%,Heuristic
Jimmy Butler III,GSW,Golden State Warriors,Away,19.0,1.1,5.4,4.5,31.1,92.92604501607717,0.05789473684210527,0,-0.300674734381463,-0.466015219682882,0.8498789816305173,-0.3964550300193421,1,1,74.0,0.574,Active,,Active,0.0,0,0,0.3495438321886499,35.0%,0.12334178400084399,12.3%,Heuristic
Jonathan Kuminga,GSW,Golden State Warriors,Away,16.4,1.3,6.9,3.1,30.2,87.41721854304636,0.07926829268292684,0,-0.300674734381463,-0.466015219682882,0.8498789816305173,-0.3964550300193421,1,1,74.0,0.574,Active,,Active,0.0,0,0,0.31316883218864994,31.3%,0.1477437951262184,14.8%,Heuristic
Moses Moody,GSW,Golden State Warriors,Away,10.5,2.5,2.8,1.3,20.9,69.85645933014355,0.23809523809523808,0,-0.300674734381463,-0.466015219682882,0.8498789816305173,-0.3964550300193421,1,1,74.0,0.574,Active,,Active,0.0,0,0,0.18716883218864994,18.7%,0.2956851423968339,29.6%,Heuristic
Pat Spencer,GSW,Golden State Warriors,Away,2.8,0.3,1.3,1.3,6.5,83.07692307692307,0.10714285714285715,0,-0.300674734381463,-0.466015219682882,0.8498789816305173,-0.3964550300193421,1,1,74.0,0.574,Active,,Active,0.0,0,0,0.05266883218864994,5.3%,0.03247085668254824,3.2%,Heuristic
Quinten Post,GSW,Golden State Warriors,Away,5.3,1.3,3.8,0.9,14.5,68.96551724137932,0.24528301886792456,0,-0.300674734381463,-0.466015219682882,0.8498789816305173,-0.3964550300193421,1,1,74.0,0.574,Active,,Active,0.0,0,0,0.10791883218864992,10.8%,0.1560445314354683,15.6%,Heuristic
Stephen Curry,GSW,Golden State Warriors,Away,26.8,4.4,3.6,4.3,31.1,111.57556270096462,0.16417910447761194,0,-0.300674734381463,-0.466015219682882,0.8498789816305173,-0.3964550300193421,1,1,74.0,0.574,Out,Illness,Out,1.0,1,0,0.0,~0%,0.0,~0%,Heuristic
Trayce Jackson-Davis,GSW,Golden State Warriors,Away,3.8,0.0,1.8,1.3,10.4,66.34615384615384,0.0,0,-0.300674734381463,-0.466015219682882,0.8498789816305173,-0.3964550300193421,1,1,74.0,0.574,Active,,Active,0.0,0,0,0.07204383218864993,7.2%,0.0,~0%,Heuristic
Will Richard,GSW,Golden State Warriors,Away,5.7,0.8,1.7,1.3,13.7,63.50364963503651,0.14035087719298245,0,-0.300674734381463,-0.466015219682882,0.8498789816305173,-0.3964550300193421,1,1,74.0,0.574,Active,,Active,0.0,0,0,0.10229383218864993,10.2%,0.09246459101838783,9.2%,Heuristic
