PLAYER,TEAM,TEAM_FULL,GAME_DATE,r3_PTS,r5_PTS,r3_FG3_PCT,r5_FG3_PCT,r3_EFG,r5_EFG,r3_TS,r5_TS
Tyrese Proctor,CLE,Cleveland Cavaliers,2025-11-08,7.666666666666667,6.2,41.111111111111114,24.666666666666668,61.666666666666664,49.38095238095238,58.70673952641166,51.247607780648174
Matas Buzelis,CHI,Chicago Bulls,2025-11-08,11.333333333333334,12.2,27.777777777777775,38.0,43.783993783993786,48.99766899766899,48.856807468830795,53.09577897727869
De'Aaron Fox,SA,San Antonio Spurs,2025-11-08,24.0,24.0,40.0,40.0,71.42857142857143,71.42857142857143,74.07407407407408,74.07407407407408
Lindy Waters III,SA,San Antonio Spurs,2025-11-08,4.0,4.0,66.66666666666667,66.66666666666667,100.0,100.0,100.0,100.0
Joel Embiid,PHI,Philadelphia 76ers,2025-11-08,23.0,23.5,30.555555555555554,35.416666666666664,50.44642857142858,53.27599789915966,59.045176580231534,60.19528773048934
Christian Braun,DEN,Denver Nuggets,2025-11-08,10.333333333333334,11.4,8.333333333333334,11.666666666666666,41.07142857142858,46.30952380952381,43.837382699984204,48.612851423149046
John Collins,LAC,LA Clippers,2025-11-08,16.333333333333332,15.0,61.11111111111111,51.33333333333333,66.09848484848486,63.56818181818183,69.67117259679452,65.70217573341097
Dillon Brooks,PHX,Phoenix Suns,2025-11-08,16.0,16.0,66.66666666666666,66.66666666666666,83.33333333333334,83.33333333333334,88.10572687224669,88.10572687224669
Tyrese Maxey,PHI,Philadelphia 76ers,2025-11-08,32.333333333333336,29.8,43.333333333333336,43.777777777777786,58.87820512820513,59.405870445344135,61.9024002324659,63.29235929945095
Dwight Powell,DAL,Dallas Mavericks,2025-11-08,0.6666666666666666,1.4,0.0,0.0,16.666666666666668,30.0,16.666666666666668,31.551724137931036
Patrick Williams,CHI,Chicago Bulls,2025-11-08,6.666666666666667,8.0,41.666666666666664,40.71428571428571,53.333333333333336,54.222222222222214,56.34920634920635,58.00772741616446
Jalen Smith,CHI,Chicago Bulls,2025-11-08,13.0,12.2,47.61904761904762,48.57142857142857,84.02777777777777,83.55952380952381,84.46911932901259,83.81730657656051
Andre Drummond,PHI,Philadelphia 76ers,2025-11-08,7.333333333333333,6.8,33.333333333333336,30.0,54.285714285714285,57.57142857142858,59.36675216534701,63.225093316014934
Deni Avdija,POR,Portland Trail Blazers,2025-11-08,30.666666666666668,26.8,28.888888888888886,27.333333333333332,51.37955182072829,53.13542340012928,63.00775151960992,62.951337520141465
Sam Merrill,CLE,Cleveland Cavaliers,2025-11-08,12.0,12.0,64.44444444444444,64.44444444444444,88.8888888888889,88.8888888888889,89.4702842377261,89.4702842377261
Alex Sarr,WSH,Washington Wizards,2025-11-08,22.666666666666668,19.4,26.666666666666668,16.0,55.44117647058823,53.26470588235294,57.58696254975572,55.76805607450947
Marvin Bagley III,WSH,Washington Wizards,2025-11-08,7.666666666666667,7.4,0.0,0.0,46.82539682539683,52.857142857142854,56.44910221216975,60.76195028164648
Moussa Cisse,DAL,Dallas Mavericks,2025-11-08,5.0,4.75,0.0,0.0,48.888888888888886,49.166666666666664,42.16183514826049,44.12137636119537
Aaron Nesmith,IND,Indiana Pacers,2025-11-08,19.0,20.0,43.51851851851851,40.2020202020202,55.53921568627451,53.754151421334086,60.35368894227906,59.62844593132273
Deandre Ayton,LAL,Los Angeles Lakers,2025-11-08,20.666666666666668,17.6,0.0,0.0,80.97165991902834,76.46178383020488,82.85543739615012,77.99818202695748
Malaki Branham,WSH,Washington Wizards,2025-11-08,5.666666666666667,5.666666666666667,16.666666666666668,16.666666666666668,64.44444444444444,64.44444444444444,62.79916224404726,62.79916224404726
Collin Murray-Boyles,TOR,Toronto Raptors,2025-11-08,5.666666666666667,7.6,50.0,30.0,48.61111111111111,47.166666666666664,46.75925925925926,48.64744882255765
Jarred Vanderbilt,LAL,Los Angeles Lakers,2025-11-08,7.0,5.4,33.333333333333336,20.0,77.77777777777779,66.66666666666667,82.6186156468195,73.4600582769806
Oso Ighodaro,PHX,Phoenix Suns,2025-11-08,0.6666666666666666,2.8,0.0,0.0,8.333333333333334,33.0,8.333333333333334,33.61855670103093
N'Faly Dante,ATL,Atlanta Hawks,2025-11-08,1.0,1.0,0.0,0.0,50.0,50.0,50.0,50.0
Jay Huff,IND,Indiana Pacers,2025-11-08,6.666666666666667,5.6,14.814814814814815,8.88888888888889,30.0,23.0,35.84767240229424,29.705324752851958
Zaccharie Risacher,ATL,Atlanta Hawks,2025-11-08,18.666666666666668,15.4,33.452380952380956,28.642857142857146,54.01785714285714,53.24404761904761,58.8859426490523,56.16489892276471
Marcus Smart,LAL,Los Angeles Lakers,2025-11-08,10.333333333333334,10.8,11.428571428571429,20.428571428571427,38.93939393939394,49.33585858585859,51.07095732095732,57.08280609346959
Onyeka Okongwu,ATL,Atlanta Hawks,2025-11-08,11.0,10.8,16.666666666666668,30.0,46.507936507936506,50.04761904761905,51.92236083325192,53.488546374941805
Jarrett Allen,CLE,Cleveland Cavaliers,2025-11-08,17.0,16.75,0.0,0.0,56.18401206636501,56.42372333548804,57.668788429486625,62.262998166221436
Jaxson Hayes,LAL,Los Angeles Lakers,2025-11-08,5.666666666666667,6.8,0.0,20.0,63.888888888888886,69.76190476190476,63.08243727598566,66.22247823860727
Corey Kispert,WSH,Washington Wizards,2025-11-08,9.333333333333334,9.0,50.0,45.0,65.0,64.66666666666666,67.18027191722838,66.11048873173237
Zeke Nnaji,DEN,Denver Nuggets,2025-11-08,3.0,3.0,33.333333333333336,33.333333333333336,63.888888888888886,63.888888888888886,56.37522768670309,56.37522768670309
Cooper Flagg,DAL,Dallas Mavericks,2025-11-08,14.666666666666666,14.4,15.0,23.666666666666664,46.57894736842105,45.661654135338345,48.11988574957542,50.004351541069454
Donovan Mitchell,CLE,Cleveland Cavaliers,2025-11-08,33.0,30.2,45.404040404040394,49.02020202020202,62.599206349206355,65.29761904761905,67.32901993388934,67.99165055532183
Mark Williams,PHX,Phoenix Suns,2025-11-08,16.0,12.8,0.0,0.0,59.25925925925926,57.55555555555556,67.41656076811749,62.402904190999195
Ochai Agbaji,TOR,Toronto Raptors,2025-11-08,1.3333333333333333,1.6,0.0,0.0,16.666666666666668,16.666666666666664,16.666666666666668,23.05110769905681
P.J. Washington,DAL,Dallas Mavericks,2025-11-08,14.333333333333334,15.6,22.222222222222218,17.333333333333332,46.324786324786324,43.91025641025641,53.0326437985511,48.320216796154625
Jarace Walker,IND,Indiana Pacers,2025-11-08,10.666666666666666,11.0,19.444444444444443,24.999999999999996,43.53535353535354,42.873348873348874,43.91114420069025,44.66739963105597
Naji Marshall,DAL,Dallas Mavericks,2025-11-08,17.666666666666668,13.8,29.76190476190476,29.523809523809526,55.0,55.18181818181817,61.86450810977286,59.30052304768189
Collin Gillespie,PHX,Phoenix Suns,2025-11-08,7.333333333333333,9.8,30.0,38.0,32.05128205128205,47.23076923076923,35.11112418070014,49.85343921430244
Cody Martin,IND,Indiana Pacers,2025-11-08,2.0,2.0,0.0,0.0,16.666666666666664,16.666666666666664,29.964539007092196,29.964539007092196
Jamal Shead,TOR,Toronto Raptors,2025-11-08,4.666666666666667,6.4,31.11111111111111,52.0,33.92857142857143,57.857142857142854,38.505074160811866,61.81593771757706
Duop Reath,POR,Portland Trail Blazers,2025-11-08,6.0,6.75,48.888888888888886,49.166666666666664,73.33333333333333,71.07142857142857,73.33333333333333,71.07142857142857
VJ Edgecombe,PHI,Philadelphia 76ers,2025-11-08,10.0,12.6,22.222222222222218,30.0,32.14285714285714,45.4978354978355,34.913372337770255,48.230523511249224
Jeremy Sochan,SA,San Antonio Spurs,2025-11-08,9.333333333333334,9.333333333333334,16.666666666666668,16.666666666666668,58.730158730158735,58.730158730158735,63.8881123225546,63.8881123225546
Donovan Clingan,POR,Portland Trail Blazers,2025-11-08,7.333333333333333,6.4,19.444444444444443,11.666666666666666,47.08994708994709,39.92063492063492,49.990599736792625,43.185972318654436
Pascal Siakam,IND,Indiana Pacers,2025-11-08,23.0,22.8,16.666666666666664,20.666666666666664,43.055555555555564,44.70289855072464,46.94827296999256,48.54928798166997
Victor Wembanyama,SA,San Antonio Spurs,2025-11-08,19.666666666666668,19.0,7.407407407407407,12.444444444444445,44.3609022556391,42.17554756456359,52.26864167973947,47.97075191152823
Jeremiah Robinson-Earl,IND,Indiana Pacers,2025-11-08,5.666666666666667,4.25,33.333333333333336,25.0,44.21296296296296,33.15972222222222,45.37429378531073,34.03072033898305
Mouhamed Gueye,ATL,Atlanta Hawks,2025-11-08,9.333333333333334,7.6,37.77777777777778,22.666666666666664,54.166666666666664,64.5,52.45937255583558,64.7522192781822
Lonzo Ball,CLE,Cleveland Cavaliers,2025-11-08,3.3333333333333335,4.2,11.111111111111109,20.666666666666664,25.0,32.42857142857143,25.0,32.42857142857143
James Harden,LAC,LA Clippers,2025-11-08,22.333333333333332,22.2,45.18518518518518,37.26495726495726,54.183006535947705,51.70278637770898,60.87585081820916,58.908212110561486
Norman Powell,MIA,Miami Heat,2025-11-08,23.333333333333332,22.75,36.666666666666664,44.166666666666664,49.51388888888889,54.63541666666667,58.54562048381988,63.978022702314455
Luka Doncic,LAL,Los Angeles Lakers,2025-11-08,28.666666666666668,32.5,28.484848484848488,31.363636363636367,45.62124513104905,49.95667458902753,53.30489987765296,56.787965861784954
Jamir Watkins,WSH,Washington Wizards,2025-11-08,2.0,2.0,0.0,0.0,25.0,25.0,25.0,25.0
Jerami Grant,POR,Portland Trail Blazers,2025-11-08,18.666666666666668,18.0,44.444444444444436,38.57142857142857,60.37037037037038,53.570707070707066,66.92949244041809,63.457671350433635
Adem Bona,PHI,Philadelphia 76ers,2025-11-08,2.0,2.0,0.0,0.0,27.777777777777775,36.666666666666664,29.487179487179485,37.69230769230769
Dru Smith,MIA,Miami Heat,2025-11-08,7.666666666666667,6.4,25.0,21.666666666666664,52.77777777777777,55.666666666666664,55.632716049382715,57.37962962962963
Craig Porter Jr.,CLE,Cleveland Cavaliers,2025-11-08,0.6666666666666666,2.2,0.0,10.0,8.333333333333334,35.0,8.333333333333334,33.50340136054422
De'Andre Hunter,CLE,Cleveland Cavaliers,2025-11-08,18.666666666666668,20.0,24.074074074074076,26.111111111111107,46.69312169312169,46.77404295051353,56.263712405590375,55.21501182997133
Jamison Battle,TOR,Toronto Raptors,2025-11-08,0.6666666666666666,4.4,0.0,20.0,16.666666666666668,38.57142857142857,16.666666666666668,38.57142857142857
Jaylon Tyson,CLE,Cleveland Cavaliers,2025-11-08,12.333333333333334,14.6,60.55555555555555,55.42424242424242,67.85714285714285,65.71428571428571,71.00178269277252,67.92358643402522
Jeremiah Fears,NO,New Orleans Pelicans,2025-11-08,14.0,14.2,22.222222222222218,31.333333333333336,42.908496732026144,45.195647489765136,46.87003268908456,48.91535160782712
Vit Krejci,ATL,Atlanta Hawks,2025-11-08,8.0,6.75,40.74074074074074,36.80555555555556,56.83760683760684,50.12820512820513,58.08491418247516,51.06368563685637
Tre Johnson,WSH,Washington Wizards,2025-11-08,11.666666666666666,10.4,47.22222222222222,38.333333333333336,53.96270396270396,48.48873348873349,57.083194583194576,50.98803750733011
Devin Vassell,SA,San Antonio Spurs,2025-11-08,15.333333333333334,13.4,38.333333333333336,29.666666666666664,51.46520146520147,45.32356532356532,54.544369326419854,47.24215608768972
Herbert Jones,NO,New Orleans Pelicans,2025-11-08,12.666666666666666,12.2,34.285714285714285,50.57142857142857,63.0976430976431,78.1919191919192,62.25473122024846,76.79469919726536
Caleb Houstan,ATL,Atlanta Hawks,2025-11-08,2.6666666666666665,2.6666666666666665,16.666666666666668,16.666666666666668,27.777777777777782,27.777777777777782,30.864197530864192,30.864197530864192
Ryan Dunn,PHX,Phoenix Suns,2025-11-08,8.666666666666666,11.2,20.63492063492063,30.238095238095234,50.555555555555564,58.25,53.92094017094018,61.58987594857159
Justin Edwards,PHI,Philadelphia 76ers,2025-11-08,4.333333333333333,3.6,33.333333333333336,26.666666666666664,53.888888888888886,46.33333333333333,53.888888888888886,46.33333333333333
Spencer Jones,DEN,Denver Nuggets,2025-11-08,3.3333333333333335,3.3333333333333335,16.666666666666668,16.666666666666668,65.27777777777777,65.27777777777777,64.93624772313296,64.93624772313296
Nicolas Batum,LAC,LA Clippers,2025-11-08,4.0,3.0,20.952380952380953,22.571428571428573,31.42857142857143,26.357142857142854,31.42857142857143,26.357142857142854
Brandon Williams,DAL,Dallas Mavericks,2025-11-08,11.666666666666666,9.8,19.444444444444443,16.666666666666664,51.041666666666664,50.625,52.41411951314671,52.8553158143519
Kevin Huerter,CHI,Chicago Bulls,2025-11-08,13.333333333333334,11.8,34.44444444444444,31.333333333333332,52.82051282051282,53.299450549450555,53.972546954938046,55.556605096039746
Harrison Barnes,SA,San Antonio Spurs,2025-11-08,17.666666666666668,15.2,64.44444444444444,55.33333333333333,97.91666666666667,83.75,98.83476235220421,87.31469599217141
Justin Champagnie,WSH,Washington Wizards,2025-11-08,6.0,4.8,33.333333333333336,20.0,47.22222222222222,41.666666666666664,50.48058290055035,47.26429475751234
Nikola Jovic,MIA,Miami Heat,2025-11-08,14.666666666666666,12.0,22.61904761904762,17.571428571428573,54.513888888888886,49.45833333333333,61.09813826407421,56.235224019653174
Cam Christie,LAC,LA Clippers,2025-11-08,10.0,8.5,50.0,50.0,72.73809523809524,73.30357142857143,71.61753590325019,71.07426303854875
Stephon Castle,SA,San Antonio Spurs,2025-11-08,14.666666666666666,18.2,6.666666666666667,22.0,37.31546231546232,49.472610722610725,49.07543313589346,58.01062896414654
Brandon Ingram,TOR,Toronto Raptors,2025-11-08,18.0,20.0,8.333333333333334,11.666666666666666,44.427244582043336,49.98968008255933,50.90373245066147,56.34341539799507
Rui Hachimura,LAL,Los Angeles Lakers,2025-11-08,17.0,15.0,61.11111111111111,58.666666666666664,61.48148148148149,64.38888888888889,62.74750450008182,65.77350270004908
Ivica Zubac,LAC,LA Clippers,2025-11-08,17.0,14.8,0.0,0.0,59.32539682539683,58.76984126984128,62.19180765041397,62.40613149095642
Kevon Looney,NO,New Orleans Pelicans,2025-11-08,4.333333333333333,4.0,16.666666666666668,12.5,33.333333333333336,33.33333333333333,34.173669467787114,35.295200554448584
Julian Strawther,DEN,Denver Nuggets,2025-11-08,6.666666666666667,6.5,33.333333333333336,30.0,41.666666666666664,40.17857142857143,58.546489125017054,53.42763334122472
Julian Phillips,CHI,Chicago Bulls,2025-11-08,0.0,0.0,0.0,0.0,0.0,0.0,0.0,0.0
Royce O'Neale,PHX,Phoenix Suns,2025-11-08,12.333333333333334,12.2,44.44444444444445,46.16666666666667,67.42424242424242,71.78787878787878,67.42424242424242,71.78787878787878
Julian Champagnie,SA,San Antonio Spurs,2025-11-08,16.666666666666668,12.2,44.55128205128205,33.3974358974359,60.71428571428572,52.26190476190476,63.43338483042743,57.01836423158979
Simone Fontecchio,MIA,Miami Heat,2025-11-08,7.666666666666667,8.6,44.444444444444436,41.666666666666664,56.34920634920635,56.47619047619048,61.80646773430279,61.817687206686365
Micah Peavy,NO,New Orleans Pelicans,2025-11-08,1.0,1.5,16.666666666666668,12.5,12.5,17.708333333333332,12.5,19.039948453608247
Isaiah Jackson,IND,Indiana Pacers,2025-11-08,11.0,10.4,0.0,0.0,51.11111111111111,50.09523809523809,55.99125898621485,58.10508042428531
Bronny James,LAL,Los Angeles Lakers,2025-11-08,5.333333333333333,3.6,33.333333333333336,20.0,48.61111111111111,34.166666666666664,53.18761384335155,36.912568306010925
Bub Carrington,WSH,Washington Wizards,2025-11-08,6.0,5.0,39.523809523809526,30.38095238095238,47.61904761904762,36.34920634920635,51.36217948717948,38.59508547008547
Keldon Johnson,SA,San Antonio Spurs,2025-11-08,10.666666666666666,12.4,0.0,15.0,64.88095238095238,63.92857142857142,72.56828746554773,69.2287584040012
Sandro Mamukelashvili,TOR,Toronto Raptors,2025-11-08,12.333333333333334,9.6,39.44444444444444,30.333333333333332,64.53703703703704,51.222222222222214,67.44755632996805,57.034798858221805
Kelly Oubre Jr.,PHI,Philadelphia 76ers,2025-11-08,18.666666666666668,20.4,38.88888888888889,38.57142857142857,61.881313131313135,62.485930735930744,63.41599364146061,62.915731388320886
Devin Booker,PHX,Phoenix Suns,2025-11-08,27.666666666666668,29.4,20.952380952380953,45.904761904761905,50.20933014354066,58.70530823105194,56.2949863120655,63.93572194596946
Bruce Brown,DEN,Denver Nuggets,2025-11-08,5.666666666666667,7.0,11.111111111111109,26.666666666666664,34.523809523809526,40.71428571428571,43.5515873015873,47.08646102119009
Immanuel Quickley,TOR,Toronto Raptors,2025-11-08,18.333333333333332,13.6,42.32804232804233,35.3968253968254,54.90530303030303,49.38762626262626,59.03472127409149,54.105783538013256
Kel'el Ware,MIA,Miami Heat,2025-11-08,9.666666666666666,10.4,23.333333333333332,54.0,53.41880341880343,72.88461538461539,52.98974177453007,73.1451964160694
Hunter Tyson,DEN,Denver Nuggets,2025-11-08,0.0,0.0,0.0,0.0,0.0,0.0,0.0,0.0
Saddiq Bey,NO,New Orleans Pelicans,2025-11-08,16.333333333333332,11.8,55.55555555555555,33.33333333333333,69.11976911976912,54.47186147186147,67.6740855179517,57.43877083739824
Bradley Beal,LAC,LA Clippers,2025-11-08,9.666666666666666,9.5,40.0,42.5,49.470899470899475,48.04067460317461,48.71781845466055,49.207282759914335
Nikola Jokic,DEN,Denver Nuggets,2025-11-08,30.333333333333332,29.2,68.88888888888889,62.666666666666664,77.96296296296295,77.32323232323232,82.10902699580606,79.900221931822
Isaac Okoro,CHI,Chicago Bulls,2025-11-08,13.666666666666666,11.6,41.666666666666664,45.0,74.70238095238095,67.5487012987013,76.83831031902592,68.83025891868827
Keaton Wallace,ATL,Atlanta Hawks,2025-11-08,8.333333333333334,7.8,44.444444444444436,66.66666666666666,63.88888888888889,90.33333333333334,62.03703703703704,89.22222222222223
Shaedon Sharpe,POR,Portland Trail Blazers,2025-11-08,20.666666666666668,19.8,22.26190476190476,31.928571428571427,48.888888888888886,52.904761904761905,53.80513244875221,56.78194243564567
Brook Lopez,LAC,LA Clippers,2025-11-08,8.666666666666666,6.8,33.333333333333336,23.333333333333332,71.90476190476191,54.28571428571429,71.90476190476191,55.38775510204082
Dalton Knecht,LAL,Los Angeles Lakers,2025-11-08,8.333333333333334,6.6,24.444444444444443,28.0,49.729437229437224,47.33766233766234,51.18847202180535,48.21308321308321
CJ McCollum,WSH,Washington Wizards,2025-11-08,17.666666666666668,14.2,26.49572649572649,34.23076923076923,43.7938596491228,42.66520467836257,47.50470002796474,44.891708905667734
Karlo Matkovic,NO,New Orleans Pelicans,2025-11-08,6.333333333333333,4.6,0.0,0.0,67.46031746031746,60.47619047619047,63.62252663622527,52.06240487062405
Ryan Nembhard,DAL,Dallas Mavericks,2025-11-08,3.0,3.0,0.0,0.0,30.0,30.0,27.573529411764703,27.573529411764703
Sidy Cissoko,POR,Portland Trail Blazers,2025-11-08,2.6666666666666665,2.6666666666666665,0.0,0.0,41.666666666666664,41.666666666666664,40.19644644644645,40.19644644644645
Daniel Gafford,DAL,Dallas Mavericks,2025-11-08,7.666666666666667,8.8,0.0,0.0,51.666666666666664,59.88888888888889,53.490701001430615,63.85367986011763
Scottie Barnes,TOR,Toronto Raptors,2025-11-08,18.333333333333332,17.6,33.333333333333336,32.5,51.339285714285715,50.08928571428571,55.42970426405022,52.141071289394596
Andrew Nembhard,IND,Indiana Pacers,2025-11-08,22.0,22.0,20.0,20.0,40.0,40.0,48.58657243816255,48.58657243816255
Grayson Allen,PHX,Phoenix Suns,2025-11-08,16.0,15.8,48.67724867724868,44.761904761904766,60.2991452991453,57.256410256410255,60.2991452991453,57.83484162895928
Ja'Kobe Walter,TOR,Toronto Raptors,2025-11-08,3.6666666666666665,2.8,27.777777777777775,23.333333333333332,36.111111111111114,29.166666666666668,39.197530864197525,31.018518518518515
Davion Mitchell,MIA,Miami Heat,2025-11-08,10.0,9.2,44.444444444444436,46.666666666666664,67.85714285714285,63.6031746031746,68.9190290683621,61.660313238830916
Jordan Hawkins,NO,New Orleans Pelicans,2025-11-08,5.333333333333333,3.6,19.444444444444443,11.666666666666666,33.76068376068376,20.256410256410255,33.76068376068376,23.657770800627944
Jaime Jaquez Jr.,MIA,Miami Heat,2025-11-08,17.666666666666668,18.0,40.0,24.0,54.84126984126984,53.32142857142857,56.71057865468985,54.96557371215092
Jordan Goodwin,PHX,Phoenix Suns,2025-11-08,4.0,6.0,30.0,34.0,40.833333333333336,51.25,40.67460317460317,51.86224489795918
Asa Newell,ATL,Atlanta Hawks,2025-11-08,5.666666666666667,5.666666666666667,13.333333333333334,13.333333333333334,22.222222222222218,22.222222222222218,22.775991425509115,22.775991425509115
Evan Mobley,CLE,Cleveland Cavaliers,2025-11-08,21.666666666666668,21.6,28.333333333333332,31.666666666666664,57.79061624649861,56.917016806722685,60.06678277538822,58.466462134029996
Monte Morris,IND,Indiana Pacers,2025-11-08,3.0,3.0,0.0,0.0,20.0,20.0,25.510204081632654,25.510204081632654
Jake LaRavia,LAL,Los Angeles Lakers,2025-11-08,10.666666666666666,14.0,23.333333333333332,34.0,51.058201058201064,61.30799755799755,53.896491486930984,63.22406212292962
Tre Jones,CHI,Chicago Bulls,2025-11-08,14.0,13.0,0.0,10.0,45.925925925925924,37.55555555555556,57.071696470430645,55.68823218111178
D'Angelo Russell,DAL,Dallas Mavericks,2025-11-08,8.0,13.0,16.666666666666668,24.102564102564102,50.0,50.88235294117647,49.0691966441749,53.498743724901566
Quentin Grimes,PHI,Philadelphia 76ers,2025-11-08,16.666666666666668,17.6,23.333333333333332,29.71428571428571,56.148989898989896,58.304778554778544,61.66171514272779,61.90363365040355
Kyshawn George,WSH,Washington Wizards,2025-11-08,11.333333333333334,12.6,27.777777777777775,38.666666666666664,48.65319865319865,57.10858585858587,52.989225686594104,60.178211557296116
Trendon Watford,PHI,Philadelphia 76ers,2025-11-08,14.666666666666666,12.0,50.0,40.0,67.22222222222221,57.0,73.61092817539812,61.115709447611756
Peyton Watson,DEN,Denver Nuggets,2025-11-08,9.333333333333334,7.6,41.666666666666664,25.0,38.675213675213676,31.776556776556777,48.14953416440657,39.263164482046435
Jalen Green,PHX,Phoenix Suns,2025-11-08,15.5,15.5,23.076923076923077,23.076923076923077,49.166666666666664,49.166666666666664,49.32432432432432,49.32432432432432
Jonas Valanciunas,DEN,Denver Nuggets,2025-11-08,9.333333333333334,9.2,22.222222222222218,13.333333333333332,52.5,57.5,61.48959610498073,64.15501892424969
Trey Murphy III,NO,New Orleans Pelicans,2025-11-08,24.333333333333332,21.8,37.37373737373738,42.42424242424242,56.02904040404041,60.375666000666,61.7909245499348,63.83279648820263
Andrew Wiggins,MIA,Miami Heat,2025-11-08,19.666666666666668,18.2,55.55555555555555,48.666666666666664,64.12545787545788,60.766941391941394,65.19651764946825,61.94508533948849
Pelle Larsson,MIA,Miami Heat,2025-11-08,13.666666666666666,13.0,22.222222222222218,28.333333333333332,59.090909090909086,60.95454545454545,68.60735847804814,67.77297517753183
Dyson Daniels,ATL,Atlanta Hawks,2025-11-08,11.666666666666666,14.2,44.444444444444436,26.666666666666664,60.64814814814815,62.02991452991453,61.920745018655225,63.20214207184591
Jalen Pickett,DEN,Denver Nuggets,2025-11-08,3.3333333333333335,3.3333333333333335,8.333333333333334,8.333333333333334,27.777777777777782,27.777777777777782,29.03726708074534,29.03726708074534
Toumani Camara,POR,Portland Trail Blazers,2025-11-08,14.333333333333334,14.8,36.78321678321678,37.56993006993007,57.18954248366013,55.0280112044818,56.5464102312453,55.52699592619405
Max Christie,DAL,Dallas Mavericks,2025-11-08,14.0,14.4,36.82539682539682,40.095238095238095,52.38095238095238,59.76190476190476,54.72149695387293,60.44657522209103
Ayo Dosunmu,CHI,Chicago Bulls,2025-11-08,14.333333333333334,13.0,38.888888888888886,29.166666666666664,64.44444444444444,57.708333333333336,67.39227720240378,62.61502335244661
RJ Barrett,TOR,Toronto Raptors,2025-11-08,21.333333333333332,22.2,44.444444444444436,43.666666666666664,62.22222222222222,61.578947368421055,65.90200244062652,64.7228302095888
Cam Whitmore,WSH,Washington Wizards,2025-11-08,7.0,6.2,16.666666666666668,23.333333333333332,32.9059829059829,37.83882783882784,33.92571245597182,37.17437840420915
Jrue Holiday,POR,Portland Trail Blazers,2025-11-08,16.0,17.2,30.0,31.21428571428571,46.112440191387556,49.734771807140234,48.29403809898563,52.10419760820359
Robert Williams III,POR,Portland Trail Blazers,2025-11-08,2.0,2.5,0.0,0.0,33.333333333333336,50.0,33.333333333333336,45.49180327868852
Gradey Dick,TOR,Toronto Raptors,2025-11-08,9.333333333333334,7.6,58.333333333333336,40.0,67.26190476190476,62.02380952380952,66.7395470205696,61.67163518908594
Derrick Jones Jr.,LAC,LA Clippers,2025-11-08,11.0,12.2,36.507936507936506,39.904761904761905,60.91269841269841,70.88095238095238,66.85418490479076,73.55437140799073
Cameron Johnson,DEN,Denver Nuggets,2025-11-08,7.0,8.0,13.333333333333334,14.666666666666666,28.484848484848484,35.42424242424242,30.62178154089919,38.12772205482716
Kris Dunn,LAC,LA Clippers,2025-11-08,7.0,7.4,44.444444444444436,46.666666666666664,70.0,68.66666666666666,68.23631091780975,67.60845321735252
Nick Smith Jr.,LAL,Los Angeles Lakers,2025-11-08,10.0,9.25,36.111111111111114,33.333333333333336,67.3611111111111,60.9375,67.36111111111113,62.474385245901644
Jabari Walker,PHI,Philadelphia 76ers,2025-11-08,0.6666666666666666,1.2,0.0,0.0,11.111111111111109,21.666666666666664,9.689922480620156,20.813953488372093
Jacob Toppin,ATL,Atlanta Hawks,2025-11-08,2.0,2.0,0.0,0.0,50.0,50.0,50.0,50.0
Nikola Vucevic,CHI,Chicago Bulls,2025-11-08,14.666666666666666,17.4,28.888888888888886,42.333333333333336,52.87212787212787,60.840923782100255,54.4204451462516,61.81893375441763
Kris Murray,POR,Portland Trail Blazers,2025-11-08,4.0,5.5,0.0,8.333333333333332,32.5,38.4375,32.5,38.45157657657657
Ben Sheppard,IND,Indiana Pacers,2025-11-08,9.333333333333334,7.0,37.61904761904762,22.571428571428573,48.87820512820513,33.77136752136752,49.404761904761905,44.95686680469289
Josh Giddey,CHI,Chicago Bulls,2025-11-08,20.0,23.0,30.0,32.0,45.22417153996101,51.52046783625731,50.75911518625242,55.561264629357936
Jaden Hardy,DAL,Dallas Mavericks,2025-11-08,5.333333333333333,3.8,46.666666666666664,38.0,43.333333333333336,36.0,45.35147392290249,37.21088435374149
Derik Queen,NO,New Orleans Pelicans,2025-11-08,12.0,9.2,8.333333333333334,5.0,49.404761904761905,47.642857142857146,55.14572316132814,57.180404418338846
Tim Hardaway Jr.,DEN,Denver Nuggets,2025-11-08,14.0,11.6,44.444444444444436,43.33333333333333,63.46153846153846,58.57692307692307,66.63614163614163,62.19899946931749
Jose Alvarado,NO,New Orleans Pelicans,2025-11-08,13.0,9.2,72.38095238095238,60.095238095238095,83.52272727272727,70.11363636363636,86.03638784051157,71.9311110548224
Nick Richards,PHX,Phoenix Suns,2025-11-08,3.0,4.6,0.0,0.0,66.66666666666667,63.33333333333333,59.92907801418439,64.38121941832976
Carter Bryant,SA,San Antonio Spurs,2025-11-08,5.0,5.0,16.666666666666664,16.666666666666664,28.125,28.125,29.620853080568722,29.620853080568722
Maxi Kleber,LAL,Los Angeles Lakers,2025-11-08,1.0,1.0,0.0,0.0,0.0,0.0,26.595744680851062,26.595744680851062
Tony Bradley,IND,Indiana Pacers,2025-11-08,4.666666666666667,4.2,0.0,0.0,69.44444444444444,68.33333333333333,77.64312349199386,77.09007577586858
RayJ Dennis,IND,Indiana Pacers,2025-11-08,1.0,2.6,0.0,5.7142857142857135,8.333333333333334,13.57142857142857,11.26126126126126,15.328185328185327
Dean Wade,CLE,Cleveland Cavaliers,2025-11-08,4.333333333333333,4.8,11.111111111111109,18.666666666666664,25.185185185185187,31.3968253968254,26.087570621468927,33.99772003785598
